-- MySQL Workbench Forward Engineering

SET @OLD_UNIQUE_CHECKS=@@UNIQUE_CHECKS, UNIQUE_CHECKS=0;
SET @OLD_FOREIGN_KEY_CHECKS=@@FOREIGN_KEY_CHECKS, FOREIGN_KEY_CHECKS=0;
SET @OLD_SQL_MODE=@@SQL_MODE, SQL_MODE='ONLY_FULL_GROUP_BY,STRICT_TRANS_TABLES,NO_ZERO_IN_DATE,NO_ZERO_DATE,ERROR_FOR_DIVISION_BY_ZERO,NO_ENGINE_SUBSTITUTION';

-- -----------------------------------------------------
-- Schema db_techorange
-- -----------------------------------------------------

CREATE SCHEMA IF NOT EXISTS `db_techorange` DEFAULT CHARACTER SET utf8 ;
USE `db_techorange` ;

-- -----------------------------------------------------
-- Table `nguoi_dung`
-- -----------------------------------------------------
CREATE TABLE IF NOT EXISTS `nguoi_dung` (
 `ma_nguoi_dung` INT NOT NULL AUTO_INCREMENT,
 `so_dien_thoai` VARCHAR(11) NOT NULL,
 `mat_khau` VARCHAR(100) NOT NULL,
 `ho_ten` VARCHAR(45) NOT NULL,
 `email` VARCHAR(100) NOT NULL,
 `hinh_anh` VARCHAR(100) NULL,
 `dia_chi` VARCHAR(100) NOT NULL,
 `vai_tro` TINYINT(1) DEFAULT 0,
 `kich_hoat` TINYINT(1) DEFAULT 1,
 PRIMARY KEY (`ma_nguoi_dung`))
ENGINE = InnoDB;


-- -----------------------------------------------------
-- Table `loai_hang`
-- -----------------------------------------------------
CREATE TABLE IF NOT EXISTS `loai_hang` (
 `ma_loai` INT NOT NULL AUTO_INCREMENT,
 `ten_loai` VARCHAR(45) NOT NULL,
 `hinh_anh` VARCHAR(100) NULL,
 `kich_hoat` TINYINT(1) DEFAULT 1,
 PRIMARY KEY (`ma_loai`))
ENGINE = InnoDB;


-- -----------------------------------------------------
-- Table `san_pham`
-- -----------------------------------------------------
CREATE TABLE IF NOT EXISTS `san_pham` (
 `ma_san_pham` VARCHAR(11) NOT NULL,
 `ten_san_pham` VARCHAR(100) NOT NULL,
 `don_gia` INT NOT NULL,
 `giam_gia` INT NULL,
 `so_luong` INT DEFAULT 0,
 `ngay_nhap` DATE NOT NULL,
 `hinh_anh` VARCHAR(100) NULL,
 `mo_ta_ngan` VARCHAR(1000) NULL,
 `noi_dung` VARCHAR(5000) NULL,
 `luot_xem` INT DEFAULT 0,
 `dac_biet` TINYINT(1) DEFAULT 0,
 `kich_hoat` TINYINT(1) DEFAULT 1,
 `anh_slide` VARCHAR(100) NULL,
 `ma_loai` INT NOT NULL,
 PRIMARY KEY (`ma_san_pham`),
 CONSTRAINT `fk_san_pham_loai_hang`
  FOREIGN KEY (`ma_loai`)
  REFERENCES `loai_hang` (`ma_loai`)
  ON DELETE CASCADE
  ON UPDATE NO ACTION)
ENGINE = InnoDB;


-- -----------------------------------------------------
-- Table `anh_chi_tiet`
-- -----------------------------------------------------
CREATE TABLE IF NOT EXISTS `anh_chi_tiet` (
 `hinh_anh` VARCHAR(100) NOT NULL,
 `ma_san_pham` VARCHAR(11) NOT NULL,
 PRIMARY KEY (`hinh_anh`,`ma_san_pham`),
 CONSTRAINT `fk_anh_chi_tiet_san_pham`
  FOREIGN KEY (`ma_san_pham`)
  REFERENCES `san_pham` (`ma_san_pham`)
  ON DELETE CASCADE
  ON UPDATE NO ACTION)
ENGINE = InnoDB;


-- -----------------------------------------------------
-- Table `binh_luan`
-- -----------------------------------------------------
CREATE TABLE IF NOT EXISTS `binh_luan` (
 `ma_binh_luan` INT NOT NULL AUTO_INCREMENT,
 `ngay_binh_luan` DATE NOT NULL,
 `noi_dung` VARCHAR(300) NOT NULL,
 `ma_nguoi_dung` INT NOT NULL,
 `ma_san_pham` VARCHAR(11) NOT NULL,
 PRIMARY KEY (`ma_binh_luan`),
 CONSTRAINT `fk_binh_luan_nguoi_dung`
  FOREIGN KEY (`ma_nguoi_dung`)
  REFERENCES `nguoi_dung` (`ma_nguoi_dung`)
  ON DELETE CASCADE
  ON UPDATE NO ACTION,
 CONSTRAINT `fk_binh_luan_san_pham`
  FOREIGN KEY (`ma_san_pham`)
  REFERENCES `san_pham` (`ma_san_pham`)
  ON DELETE CASCADE
  ON UPDATE NO ACTION)
ENGINE = InnoDB;


-- -----------------------------------------------------
-- Table `don_vi_van_chuyen`
-- -----------------------------------------------------
CREATE TABLE IF NOT EXISTS `don_vi_van_chuyen` (
 `ma_don_vi` INT NOT NULL AUTO_INCREMENT,
 `ten_don_vi` VARCHAR(45) NOT NULL,
 PRIMARY KEY (`ma_don_vi`))
ENGINE = InnoDB;


-- -----------------------------------------------------
-- Table `don_hang`
-- -----------------------------------------------------
CREATE TABLE IF NOT EXISTS `don_hang` (
 `ma_don_hang` VARCHAR(11) NOT NULL,
 `ngay_dat_hang` DATE NOT NULL,
 `so_luong` INT DEFAULT 1,
 `tong_tien` INT NOT NULL,
 `trang_thai` TINYINT(1) DEFAULT 0,
 `ma_nguoi_dung` INT NOT NULL,
 `ma_don_vi` INT NOT NULL,
 PRIMARY KEY (`ma_don_hang`),
 CONSTRAINT `fk_don_hang_nguoi_dung`
  FOREIGN KEY (`ma_nguoi_dung`)
  REFERENCES `nguoi_dung` (`ma_nguoi_dung`)
  ON DELETE CASCADE
  ON UPDATE NO ACTION,
 CONSTRAINT `fk_don_hang_don_vi_van_chuyen`
  FOREIGN KEY (`ma_don_vi`)
  REFERENCES `don_vi_van_chuyen` (`ma_don_vi`)
  ON DELETE NO ACTION
  ON UPDATE NO ACTION)
ENGINE = InnoDB;


-- -----------------------------------------------------
-- Table `chi_tiet_hoa_don`
-- -----------------------------------------------------
CREATE TABLE IF NOT EXISTS `chi_tiet_hoa_don` (
 `ma_chi_tiet_hoa_don` INT NOT NULL AUTO_INCREMENT,
 `don_gia` INT NOT NULL,
 `so_luong` INT DEFAULT 1,
 `thanh_tien` INT NOT NULL,
 `ma_don_hang` VARCHAR(11) NOT NULL,
 `ma_san_pham` VARCHAR(11) NOT NULL,
 PRIMARY KEY (`ma_chi_tiet_hoa_don`),
 CONSTRAINT `fk_chi_tiet_hoa_don_don_hang`
  FOREIGN KEY (`ma_don_hang`)
  REFERENCES `don_hang` (`ma_don_hang`)
  ON DELETE CASCADE
  ON UPDATE NO ACTION,
 CONSTRAINT `fk_chi_tiet_hoa_don_san_pham`
  FOREIGN KEY (`ma_san_pham`)
  REFERENCES `san_pham` (`ma_san_pham`)
  ON DELETE NO ACTION
  ON UPDATE NO ACTION)
ENGINE = InnoDB;


SET SQL_MODE=@OLD_SQL_MODE;
SET FOREIGN_KEY_CHECKS=@OLD_FOREIGN_KEY_CHECKS;
SET UNIQUE_CHECKS=@OLD_UNIQUE_CHECKS;


INSERT INTO `nguoi_dung` (`so_dien_thoai`,`mat_khau`,`ho_ten`,`email`,`hinh_anh`,`dia_chi`,`vai_tro`,`kich_hoat`) VALUES
('0987654321','202cb962ac59075b964b07152d234b70','Admin','admin@email.com','','TechOrange',1,1),
('0123456789','202cb962ac59075b964b07152d234b70','Phú Quý','quyltpps26205@fpt.edu.vn','','FPoly',1,1),
('0353605904', '202cb962ac59075b964b07152d234b70','Huỳnh Văn Sáu','sau.huynhvan16@gmail.com','','FPoly',1,1),
('123','202cb962ac59075b964b07152d234b70','Nguyễn Văn Tài','tainv26299@fpt.edu.vn','','FPoly',1,1);

INSERT INTO `loai_hang` (`ma_loai`,`ten_loai`,`hinh_anh`) VALUES
(1,'Điện thoại','0001.webp'),
(2,'Máy tính xách tay','0002.webp'),
(3,'Phụ kiện','0003.webp');

INSERT INTO `san_pham` (`ma_san_pham`,`ten_san_pham`,`don_gia`,`giam_gia`,`so_luong`,`ngay_nhap`,`hinh_anh`,`mo_ta_ngan`,`noi_dung`,`dac_biet`,`kich_hoat`,`anh_slide`,`ma_loai`) VALUES
('SP08','IPhone 12 64GB',17990000,14790000,99,'2023-07-08','8.webp','Trong những tháng cuối năm 2020, Apple đã chính thức giới thiệu đến người dùng cũng như iFan thế hệ IPhone 12 series mới với hàng loạt tính năng bứt phá, thiết kế được lột xác hoàn toàn.','Trong những tháng cuối năm 2020, Apple đã chính thức giới thiệu đến người dùng cũng như iFan thế hệ IPhone 12 series mới với hàng loạt tính năng bứt phá, thiết kế được lột xác hoàn toàn, hiệu năng đầy mạnh mẽ và một trong số đó chính là IPhone 12 64GB. Hiệu năng vượt xa mọi giới hạn Apple đã trang bị con chip mới nhất của hãng (tính đến 11/2020) cho IPhone 12 đó là A14 Bionic, được sản xuất trên tiến trình 5 nm với hiệu suất ổn định hơn so với chip A13 được trang bị trên phiên bản tiền nhiệm IPhone 11. Chip A14 Bionic mạnh mẽ | IPhone 12 Xem thêm: Tìm hiểu về chip Apple A14 Bionic trên IPhone 12 và iPad Air 2020 Với CPU Apple A14 Bionic, bạn có thể dễ dàng trải nghiệm mọi tựa game với những pha chuyển cảnh mượt mà hay hàng loạt hiệu ứng đồ họa tuyệt đẹp ở mức đồ họa cao mà không lo tình trạng giật lag. Chiến game siêu mượt, đồ họa tuyệt đẹp | IPhone 12 Chưa hết, Apple còn gây bất ngờ đến người dùng với hệ thống 5G lần đầu tiên được trang bị trên những chiếc IPhone, cho tốc độ truyền tải dữ liệu nhanh hơn, ổn định hơn. Kết nối 5G truyền tải dữ liệu nhanh chóng | IPhone 12 sẽ chạy trên hệ điều hành iOS 15 (12/2021) với nhiều tính năng hấp dẫn như hỗ trợ Widget cũng như những nâng cấp tối ưu phần mềm đáng kể mang lại những trải nghiệm thú vị mới lạ đến người dùng. Khám phá những tính năng mới hấp dẫn trên iOS 14 | IPhone 12 Cụm camera không ngừng cải tiến IPhone 12 được trang bị hệ thống camera kép bao gồm camera góc rộng và camera siêu rộng có cùng độ phân giải là 12 MP, chế độ ban đêm (Night Mode) trên bộ đôi camera này cũng đã được nâng cấp về phần cứng lẫn thuật toán xử lý, khi chụp những bức ảnh thiếu sáng bạn sẽ nhận được kết quả ấn tượng với màu sắc, độ chi tiết rõ nét đáng kinh ngạc. Cụm camera sau| IPhone 12 Bạn có thể khám phá thêm những tính năng của camera trên IPhone 12 như chế độ smart HDR 3 giúp cân bằng yếu tố ánh sáng trong ảnh, làm nổi bật chi tiết đối tượng và cây cối trong khi vẫn giữ được màu sắc phong phú của bầu trời ngay cả vào buổi trưa nắng gắt. Chụp ảnh với tính năng smart HDR 3 sắc nét, chất lượng | IPhone 12 Chế độ chụp chân dung đã tốt nay còn tốt hơn trong việc làm mờ hậu cảnh một cách nghệ thuật để dồn hết sự tập trung vào đối tượng mà bạn muốn chụp. Nổi bật chủ thể với tính năng chụp chân dung độc đáo | IPhone 12 Bạn sẽ dễ dàng quay video 4K HDR với chuẩn điện ảnh Dolby Vision và chỉnh sửa ngay trên chiếc điện thoại của mình, bạn có thể đưa video lên TV của bạn để thưởng thức thước phim sắc nét chất lượng cao. Quay video chất lượng ngay cả trong điều kiện ánh sáng yếu | IPhone 12 Sự kết hợp của 2 cảm biến chất lượng này đã tạo nên một hệ thống camera chuyên nghiệp không khác gì những chiếc máy ảnh thực thụ, dễ dàng đem lại những bức hình sắc nét tuyệt đối, độ chi tiết cao và đa dạng chế độ chụp cho người dùng linh hoạt sử dụng. Ghi dấu ấn về mặt thiết kế Về ngoại hình IPhone 12 có thiết kế hoài niệm với phần cạnh được làm vuông vức tương tự trên mẫu IPhone 4 thay vì bo cong như IPhone 11. IPhone 12 có thiết kế hoài niệm tương tự IPhone 4 series Ở mặt trước IPhone 12 phần tai thỏ được làm nhỏ gọn hơn và cũng là nơi chứa cảm biến Face ID có thể nhận diện khuôn mặt một cách nhanh chóng và chính xác. Apple còn mang đến cho người một loạt gam màu cá tính, độc đáo trên những chiếc IPhone của mình để người dùng có sự lựa chọn phù hợp với những phong cách khác nhau. Sở hữu loạt gam màu cá tính | IPhone 12 được trang bị màn hình OLED tràn viền có kích thước 6.1 inch, cho bạn không gian trải nghiệm lớn cũng như những giây phút giải trí hấp dẫn trên một màn ảnh vô cùng chất lượng. Màn hình Super Retina XDR OLED 6.1 inch | IPhone 12 Máy được chế tác có độ hoàn thiện cực cao với thiết kế nguyên khối, khung nhôm và mặt sau là kính cường lực cao cấp toát lên vẻ ngoài sang chảnh cũng như mang lại độ hiệu quả an toàn cao mỗi khi sử dụng. Độ hoàn thiện cao, chắc chắn cho thiết bị | IPhone 12 Mặt trước của IPhone 12 được phủ hoàn toàn bởi lớp kính cường lực Ceramic Shield cứng cáp, được đánh giá là có độ bền cao và cứng cáp hơn hầu hết các loại mặt kính có trên điện thoại thông minh khác có mặt trên thị trường. Lớp kính cường lực Ceramic Shield | IPhone 12 Xem thêm: Mặt kính Ceramic Shield trên IPhone 12 là gì? Có xịn sò như quảng cáo? Và để cho thiết bị trở nên hoàn hảo hơn nên không thể thiếu khả năng kháng nước, bụi chuẩn IP68 giúp người dùng yên tâm sử dụng với những buổi đi chơi biển mà không hề lo chiếc máy bị vô nước. Kháng nước bụi chuẩn IP68 | IPhone 12 Trải nghiệm xuyên suốt, liền mạch cả ngày dài Để bạn có những giây phút trải nghiệm liền mạch, Apple đã trang bị một viên pin có dung lượng 2815 mAh, tích hợp cho khả năng tiết kiệm pin giúp người dùng có thể giải trí đa phương tiện lên đến 17 giờ và nghe nhạc liên tục lên đến 65 giờ.',0,1,'',1),
('SP27','IPhone 14 128GB',21990000,19180000,99,'2023-07-10','27.webp','IPhone 14 128GB được xem là mẫu smartphone bùng nổ của nhà táo trong năm 2022, ấn tượng với ngoại hình trẻ trung, màn hình chất lượng đi kèm với những cải tiến về hệ điều hành và thuật toán xử lý hình ảnh, giúp máy trở thành cái tên thu hút được đông đảo người dùng quan tâm tại thời điểm ra mắt.','IPhone 14 128GB được xem là mẫu smartphone bùng nổ của nhà táo trong năm 2022, ấn tượng với ngoại hình trẻ trung, màn hình chất lượng đi kèm với những cải tiến về hệ điều hành và thuật toán xử lý hình ảnh, giúp máy trở thành cái tên thu hút được đông đảo người dùng quan tâm tại thời điểm ra mắt. IPhone 14 sở hữu thiết kế cao cấp Với phiên bản tiêu chuẩn thì nhà Apple vẫn giữ nguyên kiểu dáng thiết kế so với thế hệ tiền nhiệm, vẫn là mặt lưng phẳng cùng bộ khung vuông giúp máy trở nên hiện đại hơn. Thiết kế hiện đại - IPhone 14 128GB IPhone 14 có kích thước chiều ngang là 71.5 mm nên máy có thể dễ dàng nằm gọn trong lòng bàn tay mỗi khi sử dụng, điều này làm cho điện thoại trở nên phù hợp hơn với nhiều đối tượng người dùng hơn, kể cả những bạn nữ có bàn tay nhỏ nhắn. Camera - IPhone 14 128GB Mặt lưng của điện thoại được thiết kế từ kính cường lực và hoàn thiện theo kiểu nhẵn bóng, theo mình thì cách làm này giúp cho IPhone 14 trông cuốn hút hơn, bên cạnh đó nó máy cũng khá bền bỉ có thể mang lại khả năng chống chịu các vết xước được tốt hơn. Mặt lưng kính cường lực - IPhone 14 128GB Có một lưu ý nhỏ ở phần thiết kế là máy khá dễ bám dấu vân tay, điều này càng thêm lộ rõ ở những phiên bản có màu đậm như đen và đỏ, còn ở các phiên bản màu sáng như xanh dương, trắng và tím nhạt thì điều này cũng được cải thiện. Hạn chế vết bám - IPhone 14 128GB Tuy nhiên đây cũng là điều thường gặp trên các mẫu điện thoại có mặt lưng kính nên mình cũng không xem đây là điểm trừ dành cho IPhone 14, bằng cách trang bị thêm ốp lưng là ta đã có thể khắc phục hoàn toàn tình trạng trên và còn tăng thêm độ bền cho điện thoại. Năm nay Apple cho ra mắt hai phiên bản có màu mới dành cho IPhone 14 là tím nhạt và xanh dương, theo mình thấy thì màu xanh này có màu dịu nhẹ hơn so với IPhone 13. Vậy nên nhờ màu sắc mà mình có thể dễ dàng phân biệt giữa hai dòng điện thoại, nếu muốn mọi người xung quanh biết được rằng bạn đang sở hữu IPhone 14 thì hai màu sắc này sẽ là sự lựa chọn rất phù hợp. Màu sắc khác biệt - IPhone 14 128GB Giải trí đã mắt hơn trên màn hình chất lượng của IPhone 14 Máy sử dụng tấm nền OLED nên màu sắc mà máy mang lại rất có chiều sâu, màu sắc hiển thị với độ chính xác màu cao nên sẽ không bị quá ảo như trên những tấm nền khác mà ta hay gặp là AMOLED và Super AMOLED. Xem thêm: Màn hình OLED là gì? Có gì nổi bật? Thiết bị nào có màn hình OLED? Trên IPhone 14 vẫn sẽ sử dụng màn hình kiểu tai thỏ, màn hình Dynamic Island chỉ xuất hiện trên dòng sản phẩm Pro của hãng, như IPhone 14 Pro và IPhone 14 Pro Max. Màn hình sinh động - IPhone 14 128GB Màn hình của điện thoại IPhone có kích thước 6.1 inch, độ phân giải 1170 x 2532 Pixels, mật độ điểm ảnh mà máy mang đến khá cao, theo như hãng công bố thì IPhone 14 có mật độ điểm ảnh khoảng 460 ppi. HIển thị hình ảnh sắc - IPhone 14 128GB Điều mà mình khá ấn tượng trên màn hình của IPhone 14 là về độ sáng, máy có một khá ổn định khi sử dụng điện thoại ở những môi trường có độ sáng cao như ngoài trời nắng cũng trở nên dễ dàng hơn. Hiển thị hình ảnh độ sáng cao - IPhone 14 128GB Bắt trọn mọi khoảnh khắc qua cụm camera chất lượng Từ trước đến nay thì camera của IPhone luôn được đánh giá cao về chất lượng và đối với IPhone 14 thì điều này cũng không là ngoại lệ. Tuy không có sự nâng cấp về độ phân giải so với thế hệ trước, nhưng với những gì mà máy làm được thì mình thấy IPhone 14 cho ra hình ảnh có độ chân thực về màu sắc bắt mắt hơn IPhone 13. Ảnh chụp đẹp mắt - IPhone 14 128GB Vẫn sẽ là bộ đôi ống kính 12 MP được trang bị ở mặt lưng và một trong số đó là camera góc siêu rộng có khả năng ghi hình với trường nhìn 120 độ. Ảnh chụp được từ tính năng mặc định cho ra có độ chi tiết khá cao, ảnh khi zoom lên khoảng 30% cũng ít khi bị bể, nhờ vậy mà mình có thể thay đổi bức hình bằng cách phóng to mà không quá lo lắng đến việc chất lượng ảnh bị giảm đi nhiều. Ảnh chụp sắc nét - IPhone 14 128GB *Ảnh chụp từ tính năng mặc định Ảnh chụp từ camera - IPhone 14 128GB *Ảnh chụp sau khi phóng to Ở những khung cảnh có nhiều chi tiết nhỏ thì máy cũng có thể xử lý và thu lại một cách sắc nét, như bức ảnh mà mình có chụp bên dưới thì những tán lá đều tái hiện lại một cách rõ ràng mà không phải dùng AI để mô phỏng lại như một vài mẫu điện thoại Android có trên thị trường. Ảnh chụp từ camera - IPhone 14 128GB IPhone 14 được hỗ trợ tính năng Smart HDR 4 nên những bức ảnh mà mình chụp ở điều kiện ngược sáng hay ngoài trời cũng trở nên chất lượng hơn, màu sắc được tái hiện lại tươi tắn và độ sáng cũng sẽ tự động tinh chỉnh giúp cho bức ảnh trở nên nịnh mắt và dễ nhìn. Ảnh chụp ngoài trời - IPhone 14 128GB Còn ở bức hình chụp từ tính năng góc siêu rộng thì kết quả cũng làm mình khá bất ngờ, ảnh có độ chi tiết tốt, các mảng sáng tối trong hình được xử lý tách bạch rõ ràng, màu sắc cũng được xử lý thông minh để cho bức ảnh trông đẹp mắt không thua kém nhiều so với camera chính.',0,1,'',1),
('SP28','IPhone 14 Plus 128GB',24990000,21680000,99,'2023-07-10','28.webp','Sau nhiều thế hệ điện thoại của Apple thì cái tên “Plus” cũng đã chính thức trở lại vào năm 2022 và xuất hiện trên chiếc IPhone 14 Plus 128GB, nổi trội với ngoại hình bắt trend cùng màn hình kích thước lớn để đem đến không gian hiển thị tốt hơn cùng cấu hình mạnh mẽ không đổi so với bản tiêu chuẩn.','Sau nhiều thế hệ điện thoại của Apple thì cái tên “Plus” cũng đã chính thức trở lại vào năm 2022 và xuất hiện trên chiếc IPhone 14 Plus 128GB, nổi trội với ngoại hình bắt trend cùng màn hình kích thước lớn để đem đến không gian hiển thị tốt hơn cùng cấu hình mạnh mẽ không đổi so với bản tiêu chuẩn. Thân hình thanh mảnh cùng ngoại hình góc cạnh Giống như những thế hệ “Plus” trước đây, IPhone 14 Plus vẫn sẽ là phiên bản phóng to từ IPhone 14 với ngôn ngữ thiết kế không đổi, vẫn sẽ là cạnh viền vuông vức đi kèm với mặt lưng phẳng để tạo nên cái nhìn bắt trend và đặc trưng. Thiết kế thời thượng - IPhone 14 Plus 128GB Về phần chế tác thì máy sẽ được bao bọc bởi một bộ khung làm từ nhôm, vừa tối ưu được khối lượng vừa mang đến một độ bền khá tốt. Phần này được làm theo kiểu nhám nhẹ nên cảm giác khi cầm nắm là rất tốt. Còn ở mặt lưng thì hãng đã sử dụng hoàn toàn từ kính cường lực, bộ phận này được làm theo kiểu nhẵn bóng nên máy sẽ trở nên rất bắt mắt và mới mẻ, tạo cho mình cảm giác sang trọng hơn khi sử dụng. Thiết kế thời thượng - IPhone 14 Plus 128GB Theo mình thấy thì IPhone 14 Plus mang một cái nhìn rất thanh mảnh bởi độ mỏng của máy nằm ở mức 7.8 mm. Đối với chiều ngang của điện thoại sẽ là 78.1 mm, đây được xem là con số vừa phải chứ không thực sự “quá cỡ” như bao lời đồn đoán. Dễ dàng bỏ túi - IPhone 14 Plus 128GB Kiểu thiết kế camera năm nay Apple vẫn giữ nguyên cách sắp xếp và bố trí so với IPhone 13, vẫn là bộ đôi camera xếp chéo lạ mắt, đi kèm đèn LED đặt bên trên. Camera xếp chéo - IPhone 14 Plus 128GB Chuyển đến mặt trước thì máy vẫn sử dụng kiểu thiết kế tai thỏ quen thuộc chứ chưa được chuyển sang dạng viên thuốc như trên những chiếc IPhone 14 Pro hay IPhone 14 Pro Max. Với một người yêu thích sự đơn giản, cũng như không muốn đầu tư quá nhiều tiền vào những bản cao cấp hơn thì kiểu tai thỏ này vẫn làm cho mình khá hài lòng. Thiết kế tai thỏ - IPhone 14 Plus 128GB Tuy nhiên phần tai thỏ này theo mình thấy thì đây có thể coi là một ưu điểm, trong những lúc chơi game liên tục thì vị trí này khá phù hợp để mình đặt/nghỉ ngón tay mà không sợ bị chạm vào các phím chức năng thao tác khác trên màn hình. Thiết kế tai thỏ - IPhone 14 Plus 128GB Màn hình OLED tái hiện nội dung sinh động Theo như hãng công bố thì IPhone 14 Plus sử dụng tấm nền OLED, chuẩn độ phân giải Super Retina XDR, cho đến thời điểm ra mắt sản phẩm thì đây được xem là loại công nghệ thuộc top đầu thị trường điện thoại. Màn hình sống động - IPhone 14 Plus 128GB Điểm đầu tiên về chất lượng màn hình mà chắc hẳn ai cũng có thể dễ dàng nhận thấy trên IPhone 14 Plus là về màu sắc, những thứ mà điện thoại hiển thị đều được tái hiện sinh động và bắt mắt theo một cách rất riêng, bởi màu được làm rực rỡ vừa phải và không bị quá ảo như trên các tấm nền AMOLED hay Super AMOLED. Màn hình sống động - IPhone 14 Plus 128GB Bởi điện thoại có độ sáng tối đa lên tới 1200 nits nên khi mình sử dụng máy ở ngoài trời cũng sẽ trở nên dễ dàng hơn, cụ thể là những lúc sử dụng điện thoại ngoài trời nắng để xem bản đồ hay căn chỉnh góc chụp khi chụp ảnh. Độ sáng màn hình cao - IPhone 14 Plus 128GB Nếu như bạn quan tâm đến sản phẩm này thay vì IPhone 14 thì kích thước màn hình là điều chắc hẳn bạn cực kỳ quan tâm, và với thông số theo như hãng cung cấp là 6.7 inch nên mọi thứ mà máy thể hiện được hết sức to rõ, không gian thao tác cũng trở nên vô cùng rộng rãi để mình có thể thoải mái thao tác hơn. Kích thước màn hình lớn - IPhone 14 Plus 128GB Dễ dàng bắt trọn mọi khoảnh khắc Về thông số camera thì gần như IPhone 14 Plus không có sự thay đổi so với IPhone 14, vẫn sẽ chiếc điện thoại chụp ảnh, quay phim tốt, hai ống kính có chung độ phân giải 12 MP và một trong số đó sở hữu khả năng chụp ảnh góc siêu rộng. Chúp ảnh sắc nét - IPhone 14 Plus 128GB Ở những môi trường có điều kiện ánh sáng tốt thì chất lượng ảnh cho ra có độ chi tiết cao, màu sắc cho ra cũng cực kỳ bắt mắt, mình cảm giác như màu ảnh trông rất trong trẻo chứ không hề bị đục do ám vàng hay ám xanh. Ảnh chụp từ camera - IPhone 14 Plus 128GB Về tốc độ lấy nét và chụp thì IPhone luôn được đánh giá rất cao, bạn chỉ cần đưa máy lên trước khung cảnh cần chụp là điện thoại gần như đã nhận diện được chủ thể, vì thế nó giúp mình có thể ghi lại những khoảnh khắc diễn ra khá nhanh. Ảnh chụp từ camera - IPhone 14 Plus 128GB Đối với chế độ chụp ảnh góc siêu rộng thì IPhone 14 Plus cũng cho ra kết quả tốt, ảnh chụp có độ chi tiết cũng không hề kém cạnh với ảnh chụp tiêu chuẩn, những vùng mở rộng đều được ghi lại một cách chân thực chứ không hề có cảm giác bị bóp méo quá nhiều, điều này làm cho tổng thể bức hình trở nên tự nhiên hơn.',0,1,'',1),
('SP29','IPhone 14 Pro 128GB',27990000,24840000,99,'2023-07-10','29.webp','','',0,1,'',1),
('SP30','IPhone 14 Pro Max 128GB',29990000,26580000,99,'2023-07-10','30.webp','','',0,1,'',1),
('SP31','IPhone 13 128GB',18990000,16790000,99,'2023-07-08','31.webp','Trong khi sức hút đến từ bộ 4 phiên bản IPhone 12 vẫn chưa nguội đi, thì hãng điện thoại Apple đã mang đến cho người dùng một siêu phẩm mới IPhone 13 với nhiều cải tiến thú vị sẽ mang lại những trải nghiệm hấp dẫn nhất cho người dùng.','Trong khi sức hút đến từ bộ 4 phiên bản IPhone 12 vẫn chưa nguội đi, thì hãng điện thoại Apple đã mang đến cho người dùng một siêu phẩm mới IPhone 13 với nhiều cải tiến thú vị sẽ mang lại những trải nghiệm hấp dẫn nhất cho người dùng. Hiệu năng vượt trội nhờ chip Apple A15 Bionic Con chip Apple A15 Bionic siêu mạnh được sản xuất trên quy trình 5 nm giúp IPhone 13 đạt hiệu năng ấn tượng, với CPU nhanh hơn 50%, GPU nhanh hơn 30% so với các đối thủ trong cùng phân khúc. Chip Apple A15 Bionic mạnh mẽ - IPhone 13 128GB Nhờ hiệu năng được cải tiến, người dùng có được những trải nghiệm tốt hơn trên điện thoại khi dùng các ứng dụng chỉnh sửa ảnh hay chiến các tựa game đồ họa cao mượt mà. Đồ họa mượt mà - IPhone 13 128GB IPhone 13 trang bị bộ nhớ trong 128GB dung lượng lý tưởng cho phép bạn thỏa thích lưu trữ mọi nội dung theo ý muốn mà không lo nhanh đầy bộ nhớ. Dung lượng bộ nhớ - IPhone 13 128GB Tốc độ 5G tốt hơn Mạng 5G được cải thiện chất lượng với nhiều băng tần hơn, với 5G giúp điện thoại xem trực tuyến hay tải xuống các ứng dụng và tài liệu đều đạt tốc độ nhanh chóng. Không chỉ vậy, siêu phẩm mới này còn có chế độ dữ liệu thông minh, tự động phát hiện và giảm tải tốc độ mạng để tiết kiệm năng lượng khi không cần dùng tốc độ cao. Hỗ trợ kết nối 5G hiện đại - IPhone 13 128GB Màn hình Super Retina XDR độ sáng cao, tiết kiệm pin IPhone 13 sử dụng tấm nền OLED với kích thước màn hình 6.1 inch cho chất lượng màu sắc và chi tiết hình ảnh sắc nét, sống động, độ phân giải đạt 1170 x 2532 Pixels. Màn hình OLED 6.1 inch - IPhone 13 128GB Nhờ có công nghệ Super Retina XDR giúp cho máy đạt độ sáng 800 nits, tối đa lên đến 1200 nits cùng dải màu rộng P3, tỷ lệ tương phản lớn giúp ổn định tốt màu sắc và chất lượng hình ảnh hiển thị trong nhiều điều kiện sáng khác nhau, kể cả môi trường nắng gắt hay ánh sáng chói. Độ sáng đạt 1200 nits - IPhone 13 128GB Phía ngoài màn hình còn được phủ lớp oleophobic hạn chế tình trạng bám bụi bẩn và mồ hôi do tay người dùng, giữ màn hình luôn sạch và tinh tế hơn. Và trang bị kính cường lực Ceramic Shield giúp màn hình của máy được an toàn hơn trước những vết xước, va đập trong quá trình sử dụng. Trang bị kính cường lực Ceramic Shield - IPhone 13 128GB Cụm camera kép nổi bật với nhiều cải tiến Cụm camera kép phía sau trên IPhone 13 đều sở hữu độ phân giải 12 MP, camera chính giúp thu được nhiều ánh sáng hơn, tăng khả năng thu sáng lên đến 47% nên chất lượng ảnh chụp cũng cải thiện hơn so với bản tiền nhiệm. Điện thoại có camera góc siêu rộng cho góc nhìn 120 độ giúp thu được nhiều chi tiết hơn, dễ dàng ghi lại những khung cảnh núi non hùng vĩ, ảnh chụp nhóm đông người. Cụm camera sau sắc nét - IPhone 13 128GB Cụm camera cũng được trang bị tính năng chống rung quang học Sensor Shift giúp lấy nét nhanh chóng, khả năng chụp đêm cũng trở nên rõ nét mà ít bị nhiễu hạt, hay quay video cũng rất ổn định và mượt mà hơn. Chụp đêm siêu rõ nét - IPhone 13 128GB “Chế độ điện ảnh” cho phép camera trên IPhone 13 tự động làm mờ hậu cảnh trong video để đối tượng luôn được lấy nét nổi bật. Đặc biệt người dùng có thể thay đổi tiêu điểm để chọn chủ thể mong muốn trong khung hình khi sử dụng quay video, nhờ đó tạo nên những video chuyên nghiệp, như ý hơn. Chế độ điện ảnh độc đáo - IPhone 13 128GB Chế độ chụp Smart HDR 4 nhận diện tối đa 4 người trong một khung hình, tiến hành tối ưu hóa ánh sáng và tương phản, tone màu da cho từng người để hoàn thiện bức ảnh đẹp mà không cần qua chỉnh sửa. Chế độ Smart HDR 4 - IPhone 13 128GB Camera trước vẫn nằm trong tai thỏ, độ phân giải cũng đạt 12 MP với các công nghệ chụp ảnh chuyên nghiệp như hiệu ứng bokeh, chế độ điện ảnh, Animoji và Memoji để bạn tự tin thể hiện mình trước ống kính, không lo lắng che giấu khuyết điểm. Camera trước 12 MP - IPhone 13 128GB Sang trọng, đẳng cấp hơn về ngoại hình IPhone 13 có thiết kế nguyên khối vuông vắn như tiền nhiệm, khung viền được làm từ nhôm cùng mặt lưng kính sang trọng, cao cấp. Thiết kế nguyên khối sang trọng, đẳng cấp - IPhone 13 128GB Ngoại hình không quá khác biệt so với tiền nhiệm, nhưng tỷ lệ màn hình so với khung máy tốt hơn, phần tai thỏ nhỏ hơn 20% gia tăng diện tích trải nghiệm khi lướt web, xem phim, chơi game. Màn hình cải tiến - IPhone 13 128GB Điểm khác biệt lớn nhất trong ngoại hình có lẽ chính là các cảm biến camera được đặt chéo thay vì xếp thẳng hàng như IPhone 12, tạo điểm nhận diện đặc trưng, mới mẻ và đẹp mắt, sang chảnh hơn. Cụm camera sau với diện mạo mới - IPhone 13 128GB Màu sắc trên mẫu IPhone mới này cũng đa dạng hơn gồm Trắng, Đen, Đỏ, Xanh dương và Hồng mới mẻ dễ tùy chọn cho mọi người dùng. Có nhiều màu sắc để lựa chọn - IPhone 13 128GB IPhone 13 hỗ trợ chuẩn kháng nước và bụi IP68, bạn sẽ yên tâm sử dụng hơn khi đem theo thiết bị để chụp ảnh khi bơi hay những lần vô tình làm đổ nước, có cơn mưa đột ngột.',0,1,'',1),
('SP32','IPhone 11 64GB',11990000,10480000,99,'2023-07-08','32.webp','Apple đã chính thức trình làng bộ 3 siêu phẩm IPhone 11, trong đó phiên bản IPhone 11 64GB có mức giá rẻ nhất nhưng vẫn được nâng cấp mạnh mẽ như IPhone Xr ra mắt trước đó.','Apple đã chính thức trình làng bộ 3 siêu phẩm IPhone 11, trong đó phiên bản IPhone 11 64GB có mức giá rẻ nhất nhưng vẫn được nâng cấp mạnh mẽ như IPhone Xr ra mắt trước đó. Nâng cấp mạnh mẽ về camera Nói về nâng cấp thì camera chính là điểm có nhiều cải tiến nhất trên thế hệ IPhone mới. Điện thoại IPhone 11 64GB | Thiết kế nhiều màu sắc Nếu như trước đây IPhone Xr chỉ có một camera thì nay với IPhone 11 chúng ta sẽ có tới hai camera ở mặt sau. Điện thoại IPhone 11 64GB | Camera sau Ngoài camera chính vẫn có độ phân giải 12 MP thì chúng ta sẽ có thêm một camera góc siêu rộng và cũng với độ phân giải tương tự. Điện thoại IPhone 11 64GB | Ảnh chụp chế độ chân dung Ảnh chụp chân dung với IPhone 11 Theo Apple thì việc chuyển đổi qua lại giữa hai ống kính thì sẽ không làm thay đổi màu sắc của bức ảnh. Điện thoại IPhone 11 64GB | Ảnh chụp chế độ chân dung Ảnh chụp chế độ chân dung với IPhone 11 Đây là một điều được xem là bước ngoặt bởi những chiếc smartphone Android có nhiều camera hiện nay sẽ thường bị sai lệch về màu sắc khi chuyển đổi qua lại giữa các ống kính gây cảm giác khá khó chịu cho người dùng. Điện thoại IPhone 11 64GB | Ảnh chụp với Deep Fusion Ảnh chụp với Deep Fusion Bên cạnh đó với IPhone 11 thì đây sẽ là lần đầu tiên Apple trang bị khả năng chụp đêm lên chiếc IPhone của mình. Điện thoại IPhone 11 64GB | Ảnh chụp với chế độ Night Mode Ảnh chụp với chế độ Night Mode Ảnh chụp với chế độ Night Mode Theo trải nghiệm thì tính năng này hoạt động rất hiệu quả đặc biệt trong những môi trường cực kỳ thiếu sáng. Điện thoại IPhone 11 64GB | Ảnh chụp bằng camera sau Kích hoạt chế độ chụp đêm sẽ do IPhone tự quyết định việc của bạn chỉ cần đưa máy lên và chụp, rất đơn giản. Điện thoại IPhone 11 64GB | Ảnh chụp chế độ góc siêu rộng Ảnh chụp chế độ góc siêu rộng Năm nay Apple cũng đã nâng cấp độ phân giải camera trước nên 12 MP thay vì 7 MP như thế hệ trước đó. Camera trước cũng có một tính năng thông minh, khi bạn xoay ngang điện thoại nó sẽ tự kích hoạt chế độ selfie góc rộng để bạn có thể chụp với nhiều người hơn. Điện thoại IPhone 11 64GB | Ảnh selfie bằng camera trước Ngoài ra Apple cũng giới thiệu tính năng quay video slow motion dành cho camera trước, điều mà Apple chưa từng trang bị cho những chiếc IPhone trước đây. Xem thêm: Đánh giá chi tiết IPhone 11: Hóa \"bão tố\" hay thành \"bom xịt\"? Hiệu năng mạnh mẽ hàng đầu thế giới Mỗi lần ra IPhone mới là mỗi lần Apple mang đến cho người dùng một trải nghiệm về hiệu năng \"chưa từng có\". Điện thoại IPhone 11 64GB | Trải nghiệm chơi game trên IPhone 11 Trên IPhone 11 mới Apple nâng cấp con chip của mình lên thế hệ Apple A13 Bionic rất mạnh mẽ. Điện thoại IPhone 11 64GB | Điểm hiệu năng Antutu Benchmark Chiếc IPhone này cũng được nâng cấp dung lượng RAM  4GBthay vì 3GB như thế hệ trước đó. Điện thoại IPhone 11 64GB | Trải nghiệm thao tác Ở mức cấu hình trên giúp điện thoại chơi game tốt với các tựa game phổ biến hiện nay một cách mượt mà, ổn định. Mọi thao tác trên IPhone mới cũng cho tốc độ phản hồi nhanh mà bạn gần như sẽ không cảm nhận được sự giật lag cho dù có sử dụng trong một thời gian dài. Điện thoại IPhone 11 64GB | Trải nghiệm chơi game Xem thêm: Thử nghiệm độ bền IPhone 11: Cào xước, nung nóng và bẻ cong Phiên bản iOS 15 (12/2021) đi kèm với chiếc IPhone này cũng được trang bị nhiều tính năng hơn giúp bạn sử dụng chiếc IPhone hiệu quả hơn. Điện thoại IPhone 11 64GB | Thiết kế thời trang Face ID trên IPhone 11 cũng được cải tiến để có thể nhận diện ở nhiều góc độ hơn và tốc độ phản hồi nhanh hơn. Những thay đổi về thiết kế theo hướng tích cực Chúng ta sẽ có một mặt lưng hoàn thiện dưới dạng kính và Apple nói rằng họ đã sử dụng loại kính bền nhất từ trước tới nay cho chiếc IPhone này. Điện thoại IPhone 11 64GB | Thiết kế cụm camera kép ở mặt sau Camera kép trên IPhone mới cũng được thiết kế lại và tin vui là nó sẽ bớt lồi hơn so với trên IPhone Xr trước đây. Điện thoại IPhone 11 64GB | Thiết kế thời trang Điểm nhấn về cụm camera to bản ở mặt sau sẽ giúp người khác dễ dàng nhận biết bạn đang sử dụng một chiếc IPhone 11 trên tay. Điện thoại IPhone 11 64GB | Khay sim Logo quả táo truyền thống của Apple nay đã được di chuyển về phần chính giữa của mặt lớn thay vì đặt lệch về phía cạnh trên như những đời IPhone trước đó. Điện thoại IPhone 11 64GB | Khả năng chóng nước chuẩn IP68 Apple cho biết họ đã hoàn thiện trên IPhone mới để nó cho khả năng chống nước tốt hơn và người dùng có thể yên tâm về điều đó. Thời lượng pin tốt nhất từ trước tới nay Khi nói đến thời lượng pin IPhone 11, hẳn nhiều người đã ước ao rằng máy sẽ có viên pin tốt giống như IPhone Xr (có thời lượng pin tốt nhất so với bất kỳ IPhone hiện đại nào). Điện thoại IPhone 11 64GB | Thời lượng pin Tuy nhiên bạn sẽ còn có một chiếc máy thậm chí còn tốt hơn nữa.',0,1,'',1),
('SP33','IPhone 13 Mini 128GB',21990000,18990000,99,'2023-07-08','33.webp','','',0,1,'',1),
('SP34','IPhone 13 Pro 128GB',27990000,24990000,99,'2023-07-08','34.webp','','',0,1,'',1),
('SP35','IPhone 14 Pro Max 256GB',32990000,29790000,99,'2023-07-08','35.webp','','',0,1,'',1),
('SP36','IPhone 14 Pro Max 512GB',37990000,35990000,99,'2023-07-08','36.webp','','',0,1,'',1),
('SP37','IPhone 14 Pro Max 1TB',43990000,41990000,99,'2023-07-08','37.webp','','',0,1,'',1),
('SP20','OPPO A55 4GB-64GB',3990000,3690000,99,'2023-07-08','20.webp','OPPO cho ra mắt OPPO A55 4G chiếc smartphone giá rẻ tầm trung có thiết kế đẹp mắt, cấu hình khá ổn, cụm camera chất lượng và dung lượng pin ấn tượng, mang đến một lựa chọn trải nghiệm thú vị vừa túi tiền cho người tiêu dùng.','OPPO cho ra mắt OPPO A55 4G chiếc smartphone giá rẻ tầm trung có thiết kế đẹp mắt, cấu hình khá ổn, cụm camera chất lượng và dung lượng pin ấn tượng, mang đến một lựa chọn trải nghiệm thú vị vừa túi tiền cho người tiêu dùng. Lớp “áo” đẹp mãn nhãn OPPO A55 4G có 3 phiên bản màu độc đáo là xanh lá, xanh dương và màu đen. Thiết kế cong 3D cùng kích thước mỏng nhẹ, OPPO A55 4G vừa vặn trong tay người cầm, cho từng thao tác trải nghiệm thoải mái và chắc chắn. Thiết kế 3D sang chảnh - OPPO A55 4G Ở bản màu đen, mặt lưng sử dụng chất liệu nhựa nhám với bề mặt cực mịn, cho cảm giác cầm nắm chắc tay và hạn chế bám vân tay hoàn hảo. Bản màu xanh dương là một sự sáng tạo của OPPO với mặt lưng sáng bóng có khả năng phản quang tốt tạo hiệu ứng màu sắc cầu vồng lung linh, đẹp mắt trên nền xanh trẻ trung. 2 màu thời trang - OPPO A55 4G OPPO A55 4G có màn hình đục lỗ với cạnh viền siêu mỏng, tỷ lệ màn hình so với khung máy 89.2%, tạo không gian trải nghiệm đã mắt cho từng nội dung xem. Màn hình đục lỗ - OPPO A55 4G Phiên bản này được trang bị 2 tính năng mở khóa bảo mật bao gồm cảm biến vân tay ở cạnh viền và mở khóa khuôn mặt, mang đến cho bạn nhiều sự lựa chọn để mở khoá cùng khả năng bảo vệ tốt thông tin cá nhân của bạn. Cảm biến vân tay - OPPO A55 4G Camera quay chụp thông minh Cụm camera xếp dọc đặt nổi ở mặt sau thêm điểm nhấn cho thiết kế điện thoại, bao gồm camera chính cảm biến đến 50 MP, camera xoá phông 2 MP và camera macro chụp cận 2 MP. Cụm camera xịn sò - OPPO A55 4G Khả năng thu sáng và lấy nét cực tốt từ camera chính giúp những bức ảnh mang tới độ tươi sáng, chân thực và sắc nét cao. Hoàn hảo hơn cả khi OPPO A55 4G còn hỗ trợ nhiều bộ lọc chụp đêm, giờ đây mỗi bức ảnh chụp đêm của bạn sẽ càng trở nên nổi bật hơn. Ảnh chụp trên camera - OPPO A55 4G Làm mờ hậu cảnh, nổi bật chủ thể nhờ camera xoá phông với hiệu ứng bokeh sẽ làm cho bức ảnh có điểm nhấn hơn, cuốn hút hơn đầy nghệ thuật và thể hiện rõ nội dung mong muốn từ người chụp. Camera macro ghi lại những sự vật quen thuộc cách mới mẻ nhất, chụp cận sắc nét để phóng lớn mọi chi tiết, cho chúng trở nên hoành tráng, ấn tượng theo một cách độc đáo, thể hiện sự sáng tạo của bạn và sự độc đáo của tự nhiên. Chụp cận - OPPO A55 4G Camera trước 16 MP với tính năng xóa phông, làm đẹp thông minh AI cho bạn thật nổi bật trong những bức ảnh selfie cùng phong thái tự tin, cuốn hút. Hỗ trợ quay phim Full HD để ghi lại những đoạn video sắc nét bằng cả camera trước và sau, gọi video chất lượng. Màn hình tràn viền cho trải nghiệm đã mắt hơn Màn hình trang bị tấm nền IPS LCD với kích thước 6.5 inch có thiết kế đục lỗ và viền siêu mỏng mang đến không gian trải nghiệm rộng lớn, thật thoải mái và đã mắt khi dùng máy chiến game hay thưởng thức các bộ phim trực tuyến. Màn hình tràn viền - OPPO A55 4G Chất lượng khung hình tốt, chi tiết ổn đạt chuẩn HD+ (700 x 1600 Pixels), độ sáng màn hình tới 480 nits mang lại sự ổn định cao khi dùng ở các điều kiện chiếu sáng khác nhau. Khả năng tự cân chỉnh ánh sáng để màn hình hiển thị rõ nét, vừa mắt cả trong bóng râm và không bị lóa mờ khi dùng dưới ánh nắng mặt trời. Hiệu năng ổn định trên mọi tác vụ OPPO A55 4G được cung cấp sức mạnh bởi chip MediaTek Helio G35 8 nhân, xung nhịp đạt 2.3 GHz, cho tốc độ xử lý đa tác vụ tốt ở các ứng dụng quen thuộc. Chip đồ họa IMG PowerVR GE8320 cải thiện hiệu năng GPU gia tăng độ mượt, chất lượng hình ảnh trên màn hình game của bạn. MediaTek Helio G35 - OPPO A55 4G Bộ nhớ RAM  4GBđảm bảo tốc độ đa nhiệm của điện thoại, giữ sự ổn định khi thiết bị mở cùng lúc nhiều ứng dụng, di chuyển mượt mà giữa các cửa sổ được mở, không bị lag máy khi gọi video hay chiến game online nhiều giờ liền. Trải nghiệm sử dụng - OPPO A55 4G Bộ nhớ trong 6 4GBkết hợp khe thẻ MicroSD cho bạn khả năng lưu trữ tốt với các tệp tin, kho hình ảnh và video cùng các tựa game yêu thích cách thoải mái. OPPO A55 4G cài đặt ColorOS 11.1 trên hệ điều hành Android 11 với giao diện mượt mà, thân thiện, dễ dàng tùy biến, nhiều tính năng thông minh được tích hợp. Internet 4G hỗ trợ trên smartphone đảm bảo cho các thao tác kết nối, lướt web, tải tệp tin, chia sẻ dữ liệu,… nhanh và ổn định, không bị đứt tín hiệu giữa chừng, trải nghiệm tốt ở mọi nơi. Kết nối mạng 4G - OPPO A55 4G Pin 5000 mAh, sạc nhanh 18 W Với dung lượng pin 5000 mAh được hỗ trợ, người dùng thoải mái sử dụng điện thoại theo cách mình muốn suốt ngày dài mà không ái ngại vấn đề cạn nguồn quá nhanh. Pin 5000 mAh - OPPO A55 4G Chế độ tiết kiệm pin với 5% dung lượng còn lại cho phép dùng đến 88 phút đàm thoại, duy trì liên lạc khi cần thiết. Ngay khi cạn nguồn chế độ sạc nhanh 18 W sẽ nhanh chóng phục hồi năng lượng pin để bạn tiếp tục các tác vụ đang dang dở. Hãng thông tin khả năng sạc nhanh phục hồi 17% dung lượng pin cho điện thoại sau 15 phút sạc.',0,1,'',1),
('SP19','OPPO A77s 8GB-128GB',6590000,6290000,99,'2023-07-08','19.webp','OPPO vừa cho ra mắt mẫu điện thoại tầm trung mới với tên gọi OPPO A77s, máy sở hữu màn hình lớn, thiết kế đẹp mắt, hiệu năng ổn định cùng khả năng mở rộng RAM lên đến 8GB vô cùng nổi bật trong phân khúc.','OPPO vừa cho ra mắt mẫu điện thoại tầm trung mới với tên gọi OPPO A77s, máy sở hữu màn hình lớn, thiết kế đẹp mắt, hiệu năng ổn định cùng khả năng mở rộng RAM lên đến 8GB vô cùng nổi bật trong phân khúc. Tỏa sáng với diện mạo bắt mắt OPPO A77s có một vẻ ngoài khá đẹp mắt khi được tạo hình theo kiểu vuông vức và cách phối màu ở mặt lưng độc đáo. Khung và mặt lưng phẳng giúp tôn lên vẻ thời thượng cho điện thoại, bởi đây được xem là kiểu dáng xu hướng và được người dùng khá ưa chuộng trong vài năm gần đây. Lần ra mắt này OPPO cho ra mắt hai phiên bản đó là đen và xanh ngọc dành cho A77s, đây được xem là hai màu khá phổ biến và bất kỳ nam hay nữ cũng đều có thể sử dụng một cách phù hợp. Và hiện trên tay mình đang là phiên bản màu xanh ngọc vô cùng độc đáo, mặt lưng của nó có thể chuyển màu tùy vào góc độ ánh sáng khác nhau. Điều này làm cho máy trở nên đẹp mắt và ấn tượng, hơn hết nó còn làm cho trải nghiệm của người dùng trở nên cực kỳ thú vị mà không hề bị nhàm chán. Cả hai phiên bản màu đều được làm từ khung nhựa và mặt lưng thủy tinh hữu cơ với kiểu hoàn thiện nhám nhẹ, cảm giác khi sờ vào khá bám tay, kể cả khi tay đang ẩm ướt mình vẫn có thể cầm chắc mà ít khi bị trơn tuột. Đặc biệt hơn là các vết xước nhẹ hay dấu vân tay cũng ít khi xuất hiện trên mặt lưng này. Ở mặt trước của điện thoại, OPPO A77s được trang bị một màn hình theo kiểu giọt nước cùng với các viền xung quanh tương đối mỏng. Tuy được tối ưu kích thước và làm trông khá nhỏ, kiểu hình notch giọt nước này vẫn được xem là một hạn chế, trong khi nhiều đối thủ đã trang bị hình notch dạng nốt ruồi lên trên những chiếc máy có cùng phân khúc giá. Nhằm mang đến trải nghiệm tốt hơn khi xem nội dung thì hãng cũng đã tối ưu viền màn hình đi khá nhiều, chúng trông mỏng hơn và cảm giác khi nhìn vào khá là dễ chịu và thoải mái. Pin lớn và sạc nhanh ấn tượng Đối với một chiếc máy có viên pin lớn 5000 mAh như OPPO A77s, thì việc mang đến năng lượng đủ dùng đối với hầu hết mọi tác vụ cho cả một ngày là điều hoàn toàn có thể. Thực tế thì mình cũng đã sử dụng điện thoại như một chiếc máy chính để phục vụ các nhu cầu giải trí hàng ngày, kết quả thì sau khoảng 8 tiếng 17 phút liên tục mới có thể dùng hết 100% pin. Con số này thu được khi mình dùng máy cho các tác vụ lướt web, nhắn tin, xem phim và chơi game. Điện thoại lúc này ở tình trạng độ sáng màn hình 70%, sử dụng wifi và không có kết nối với các thiết bị ngoại vi khác, nhiệt độ môi trường vào khoảng 27 - 29 độ nên không ảnh hưởng quá nhiều đến việc gia tăng năng lượng tiêu hao. OPPO A77s là một chiếc điện thoại sạc nhanh khi được hãng trang bị công nghệ SuperVOOC 33 W, vì thế nên mình chỉ tốn đâu đó tầm 1 giờ 33 phút là đã có ngay một chiếc điện thoại từ 0% cho đến 100% dung lượng. Ở những lúc cần dùng máy gấp thì chỉ sạc khoảng 30 phút là đã có khoảng 38% - 40% mà không cần phải đợi lâu. Trang bị camera AI 50 MP Nói đến việc chụp ảnh thì OPPO khá là tự tin về khả năng của A77s khi hãng trang bị cho điện thoại nhiều công nghệ và tính năng nổi bật, cùng với đó là camera kép với độ phân giải lớn nhất lên đến 50 MP cực kỳ đáng chú ý. Các tính năng nổi bật có thể kể đến ở đây như: Điều chỉnh khẩu độ, AI Camera, Chuyên nghiệp ( Pro), HDR, Siêu độ phân giải,... Trong môi trường có ánh sáng lý tưởng, ảnh chụp từ điện thoại cho ra có độ chi tiết cao, màu sắc bắt mắt và độ sáng cân bằng khá hài hòa giúp cho tổng quan của cả bức ảnh trở nên dễ nhìn và nịnh mắt. Camera điện thoại - OPPO A77s Ở những nơi có cường độ ánh sáng lớn thì điện thoại vẫn có thể xử lý tốt, ảnh không bị cháy kể cả khi mình không cần can thiệp vào việc tinh chỉnh độ sáng từ lúc đầu, màu sắc thì vẫn ổn, nhìn tươi mà không hề bị bệt. Camera điện thoại - OPPO A77s Cuối cùng là vào thời điểm chạng vạng tối, khi mà cường độ ánh sáng bắt đầu giảm nhiều khiến cho việc chụp ảnh trên chiếc điện thoại OPPO dòng A này bắt đầu xuất hiện đôi chút khó khăn. Những vị trí thiếu sáng sẽ không được điện thoại cân bằng và nâng sáng làm cho nó trông khá tối, nhìn không còn nịnh mắt như trước, lúc này cần có thêm bước hậu kỳ - nâng sáng để giúp tổng thể bức ảnh trở nên đẹp mắt hơn. Camera điện thoại - OPPO A77s Camera điện thoại - OPPO A77s Hiệu năng đủ dùng cho các tác vụ thông thường Về cấu hình của chiếc điện thoại Android này, OPPO A77s được trang bị con chip Snapdragon 680 cùng với RAM 8 GB, phần lớn các tác vụ thông thường như nhắn tin, nghe gọi, lướt web hay xem phim được mình thực hiện trên điện thoại khá dễ dàng, hiếm khi bị giật lag gây trở ngại và điều này làm mình cảm thấy rất dễ chịu khi mà sử dụng. Ngoài các tác vụ đó ra thì OPPO A77s còn hỗ trợ cho ta có thể chơi tốt được nhiều tựa game hiện hành như Liên Quân Mobile và PUBG Mobile, mặc dù ở cấu hình cao nhưng trải nghiệm lại khá tốt so với một vài đối thủ chạy chip MediaTek.',0,1,'',1),
('SP04','OPPO Reno 8 4G 8GB - 256GB',8990000,6990000,99,'2023-07-08','4.webp','Reno 8 - sản phẩm tầm trung được OPPO đầu tư kỹ lưỡng về thiết kế lẫn cấu hình, khi sở hữu vẻ ngoài vuông vức hợp xu hướng, hiệu năng ổn định mang đến trải nghiệm mượt mà cùng với cụm camera có khả năng chụp ảnh đẹp mắt.','Reno 8 - sản phẩm tầm trung được OPPO đầu tư kỹ lưỡng về thiết kế lẫn cấu hình, khi sở hữu vẻ ngoài vuông vức hợp xu hướng, hiệu năng ổn định mang đến trải nghiệm mượt mà cùng với cụm camera có khả năng chụp ảnh đẹp mắt. Vẻ đẹp đến từ sự đơn giản Điện thoại OPPO Reno 8 sở hữu thiết kế mỏng 7.66 mm khá ấn tượng, các cạnh được làm nhựa và thiết kế vuông vức. Màu sắc trên Reno 8 cũng khá trẻ trung với 2 phiên bản màu sắc gồm vàng đồng và đen. Thiết kế đẹp mắt - OPPO Reno 8 Mặt lưng của máy được làm từ kính giúp tăng độ sang trọng cho thiết bị, cụm camera được thiết kế trong một mô-đun hình chữ nhật cùng với hai tông màu trắng đen làm thu hút mọi ánh nhìn. Thiết kế OPPO Glow - OPPO Reno 8 OPPO đã trang bị công nghệ độc quyền OPPO Glow lên mặt lưng của điện thoại Reno , nên khi mình sử dụng ngoài trời thì mặt lưng chuyển đổi màu sắc óng ánh rất đẹp mắt điều đó giúp mình trở nên nổi bật hơn. Thiết kế đục lỗ - OPPO Reno 8 Mặt trước của máy được thiết kế dạng đục lỗ điều này làm tăng diện tích hiển thị trên máy, cạnh viền hai bên màn hình được làm khá mỏng, tuy nhiên phần cạnh dưới vẫn còn hơi dày nhưng trong khi sử dụng mình cũng không cảm thấy quá bất tiện. Tinh tế qua mỗi lần chạm Mình đã rất ấn tượng với những gì mà OPPO đã trang bị lên camera của Reno 8 với cảm biến chính có độ phân giải 64 MP, vì thế những tấm ảnh được chụp từ cảm biến chính có độ sắc nét, màu sắc tươi, hình ảnh được tái tạo khá chi tiết. Hai cảm biến còn lại đều có độ phân giải 2 MP hỗ trợ bạn chụp những bức ảnh xóa phông hoặc chụp macro được tốt hơn. Camera sắc nét - OPPO Reno 8 Thật sự mình rất thích những tấm ảnh được chụp bằng Reno 8, ở môi trường đầy đủ sáng và bật chế độ AI, bức ảnh mình thu được có độ chi tiết tốt, màu sắc khá rực, những vật nhỏ xung quanh được tái tạo rõ ràng, không bị mờ. Ảnh chụp từ camera - OPPO Reno 8 Chế độ hiển vi trên máy rất là thú vị, giờ đây chiếc điện thoại của bạn sẽ trở thành một chiếc kính hiển vi có thể phóng những vật nhỏ lên đến 30 lần giúp bạn chụp được những bức ảnh độc đáo ngay trên chiếc điện thoại di động. Chế độ hiển vi - OPPO Reno 8 Ở chế độ chụp ngược sáng thì camera trên Reno 8 cũng làm khá tốt, các chi tiết thu lại đầy đủ, vùng tối được tái hiện khá tốt, nhìn chung tổng thể bức ảnh đẹp mắt. Môi trường ngược sáng - OPPO Reno 8 Camera selfie của máy có độ phân giải 32 MP cùng với đó là những tính năng làm đẹp, nhãn dán, HDR hỗ trợ tối đa cho bạn khi chụp ảnh trong mọi điều kiện ánh sáng. Bạn sẽ sở hữu một bức ảnh đẹp, cuốn hút mà không cần phải dùng đến app của bên thứ ba. Thư giãn qua những thước phim Nhằm mang đến phút giây thư giãn sau một ngày dài làm việc, hãng đã trang bị cho Reno 8 màn hình kích thước 6.4 inch đi kèm với tấm nền AMOLED và độ phân giải Full HD+ cho không gian hiển thị rộng rãi. Màn hình sắc nét - OPPO Reno 8 Những thông số trên giúp hình ảnh khi xem có màu sắc rực rỡ, độ nổi khối tốt, hình ảnh cực kỳ sắc nét, màu đen sâu rất nịnh mắt, mang đến cho bạn những phút giây giải trí tuyệt vời hơn. Hiển thị chi tiết - OPPO Reno 8 Trên OPPO Reno 8 có tính năng cử chỉ không chạm khá là thú vị, khi mình lướt TikTok hoặc Facebook mình không cần chạm vào màn hình mà vẫn có thể cuộn trang một cách rất linh hoạt nhờ tính năng này. Độ sáng 600 nits cho chất lượng hiển thị khá ổn khi ở ngoài trời, mình thử nghiêng màn hình nhẹ qua thì chất lượng hình ảnh hiển thị cũng không bị biến đổi quá nhiều, không ảnh hưởng gì nhiều đến trải nghiệm. Hiển thị rõ ràng, chi tiết - OPPO Reno 8 Sức mạnh cho mọi trải nghiệm Mang trong mình chipset Snapdragon 680 đây là con chip quốc dân trong phân khúc tầm trung, tốc độ CPU tối đa đạt 2.4 GHz mang đến cho bạn một hiệu năng ổn định, mượt mà với những tác vụ cơ bản như: Đọc báo, lướt web, chơi game. Hiệu năng ổn định - OPPO Reno 8 Điểm làm mình bất ngờ khi trên điện thoại Reno 8 mình có thể bật ở mức cấu hình cao nhất với tựa game Liên Quân Mobile, hình ảnh có độ chi tiết tốt, màu sắc tươi tắn. Tình trạng giật lag nhẹ vẫn xảy ra khi bật cấu hình tối đa ở những pha combat tổng cuối game, FPS trung bình dao động khoảng 59 cho cả trận game. Để tối ưu hơn và giảm tình trạng giật lag bạn nên chỉnh cấu hình trung bình để trải nghiệm tốt nhất. Tựa game Liên Quân Mobile - OPPO Reno 8 Đối với tựa game khó nhằn hơn một tí là PUBG Mobile, khi ở mức đồ họa cân bằng và tốc độ là trung bình chỉ số FPS dao động khoảng 24. Tình trạng giật lag xảy ra khi mình nhặt súng hay những pha solo với địch và hiện tượng nóng nhẹ ở mặt lưng là điều khó tránh khỏi trong quá trình chơi game. FPS tựa game PUBG Mobile - OPPO Reno 8 Điện thoại RAM 8GB cùng tính năng mở rộng RAM hiện đại giúp máy có khả năng đa nhiệm tuyệt vời, các thao tác chuyển đổi qua lại giữa các tab vô cùng mượt mà, mình không gặp phải tình trạng giật lag khi thực hiện các thao tác trên.',0,1,'',1),
('SP06','OPPO A55 4GB-64GB',3990000,3690000,99,'2023-07-08','6.webp','','',0,1,'',1),
('SP07','OPPO Reno 8 T 5G 128GB',9990000,9490000,99,'2023-07-08','7.webp','','',0,1,'',1),
('SP13','OPPO A17k 3GB-64GB',3290000,2990000,99,'2023-07-08','13.webp','','',0,1,'',1),
('SP15','Oppo Reno 6 5G',12990000,6990000,99,'2023-07-08','15.webp','','',0,1,'',1),
('SP16','OPPO A57 4GB-128GB',4990000,4390000,99,'2023-07-08','16.webp','','',0,1,'',1),
('SP38','OPPO A57 4GB-128GB',4990000,4390000,99,'2023-07-08','38.webp','','',0,1,'',1),
('SP39','OPPO Find N2 Flip',19990000,19690000,99,'2023-07-08','39.webp','','',0,1,'',1),
('SP40','OPPO A16k 3GB-32GB',3290000,2490000,99,'2023-07-08','40.webp','','',0,1,'',1),
('SP41','OPPO Reno 6 Z 5G',9490000,5990000,99,'2023-07-08','41.webp','','',0,1,'',1),
('SP21','Samsung Galaxy Z Flip 4 5G 256GB',25990000,17990000,99,'2023-07-08','21.webp','Tiếp nối sự thành công đến từ các thế thệ điện thoại gập đi trước, Samsung Galaxy Z Flip4 256GB đã được ra mắt với một ngôn ngữ thiết kế thân quen cùng sự nâng cấp đáng kể về độ bền cũng như nâng cấp kiểu dáng và chất liệu. Không đơn thuần là một chiếc smartphone mà đây còn được coi là món phụ kiện thời trang cao cấp đến từ nhà Samsung','Tiếp nối sự thành công đến từ các thế thệ điện thoại gập đi trước, Samsung Galaxy Z Flip4 256GB đã được ra mắt với một ngôn ngữ thiết kế thân quen cùng sự nâng cấp đáng kể về độ bền cũng như nâng cấp kiểu dáng và chất liệu. Không đơn thuần là một chiếc smartphone mà đây còn được coi là món phụ kiện thời trang cao cấp đến từ nhà Samsung. Nhỏ gọn trong lòng bàn tay của bạn Samsung Galaxy Z Flip4 256GB sở hữu ngoại hình bắt trend với các cạnh được gia công phẳng một cách tinh tế. Ra mắt với 4 phiên bản màu sắc giúp người dùng có thêm nhiều sự lựa chọn dành cho bản thân, cùng với tone màu trẻ trung thời thượng giúp người dùng toát lên được vẻ ngoài sang trọng và đầy tính hiện đại. Lần ra mắt này Samsung cho biết hãng đã nâng cấp phần bản lề để tăng tổng số lần gập trên Flip4, giúp thiết bị có thể đồng hành với người dùng trong khoảng thời gian lâu dài hơn mà ít khi khi gặp phải các tình trạng hỏng hóc. Kiểu dáng thiết kế gập - Samsung Galaxy Z Flip4 256GB Tổng thể chiếc Galaxy Z Flip4 được bao bọc bởi bộ khung làm từ vật liệu nhôm Armor Aluminum cao cấp, không chỉ gia tăng độ bền cho máy mà nó còn giúp cho điện thoại toát lên được vẻ ngoài sang trọng và đẳng cấp nhờ khả năng phản quang óng ánh. Khung viền chắc chắn - Samsung Galaxy Z Flip4 256GB Galaxy Z Flip4 sẽ có một thân hình thon gọn nhờ ứng dụng tỉ lệ màn hình 22:9, điều này giúp cho quá trình cầm nắm của bạn trở nên dễ chịu hơn bởi bề rộng của máy được tối ưu đi. Với kích thước chiều dài sau khi gập là 84.9 mm, vì thế thiết bị có thể dễ dàng nằm gọn trong lòng bàn tay để bạn có thể cầm nắm một cách chắc chắn. Thân hình nhỏ gọn - Samsung Galaxy Z Flip4 256GB Samsung cho biết đây là điện thoại gập có hỗ trợ chuẩn kháng nước IPX8, giờ đây mọi người có thể an tâm hơn trong những tình huống khi vô tình tiếp xúc với nước. Xem thêm: Tiêu chuẩn chống nước IP là gì? Có ý nghĩa gì? Các chuẩn IP hiện nay Hỗ trợ chuẩn kháng nước - Samsung Galaxy Z Flip4 256GB Hiển thị hình ảnh sinh động Trang bị trên máy là tấm nền Dynamic AMOLED 2X cao cấp đến từ nhà Samsung với khả năng tái hiện hình ảnh có màu sắc sống động và rực rỡ. Màu đen trên màn hình cũng được hiển thị sâu giúp cho người dùng có thể trải nghiệm nội dung trên các tựa game hay bộ phim hành động trở nên chân thực hơn. Xem thêm: Màn hình Dynamic AMOLED 2X là gì? Điểm nổi bật? Có trên điện thoại nào Tấm nền chất lượng - Samsung Galaxy Z Flip4 256GB Mật độ điểm ảnh được gia tăng lên 425 PPI vì máy được trang bị màn hình kích thước 6.7 inch cùng độ phân giải Full HD+ (1080 x 2640 Pixels). Các tác vụ chỉnh sửa ảnh sẽ được xử lý dễ dàng hơn trên chiếc Galaxy Z Flip4 bởi độ sắc nét mà nó mang lại là rất cao. Phần mặt lưng của máy sẽ được trang bị một màn hình phụ có kích thước 1.9 inch giúp người dùng có thể đọc nhanh những thông báo, thậm chí ở phiên bản này máy còn hỗ trợ nhận cuộc gọi trực tiếp từ màn hình phụ mà không không cần phải mở điện thoại. Hỗ trợ màn hình phụ - Samsung Galaxy Z Flip4 256GB Với tần số quét lên đến 120 Hz ở màn hình chính giúp cho mọi thao tác hàng ngày của bạn được diễn ra mượt hơn hẳn, ngoài ra máy còn có khả năng tự động điều chỉnh xuống còn 1 Hz cho những tác vụ không cần cuộn lướt quá nhiều để tiết kiệm điện năng tiêu thụ. Độ sáng của Galaxy Z Flip4 đạt mức tối đa là 1200 nits, giúp thiết bị có khả năng hiển thị hình ảnh được rõ ràng hơn mỗi khi người dùng sử dụng điện thoại ở ngoài trời có độ sáng cao. Điều này thực sự hữu ích trong những tình huống như chụp ảnh ngoài trời hay xem bản đồ trong lúc di chuyển ngoài đường. Độ sáng màn hình lớn - Samsung Galaxy Z Flip4 256GB Chụp ảnh quay phim sắc nét Galaxy Z Flip4 sở hữu ở phần mặt lưng là bộ đôi camera có cùng độ phân giải 12 MP với khả năng thu lại hình ảnh sắc nét, cũng như giúp bạn có thể quay được những thước phim đạt chuẩn 4K. Trang bị camera kép - Samsung Galaxy Z Flip4 256GB Đi kèm với đó sẽ là tính năng chụp ảnh góc siêu rộng lên đến 123 độ, giờ đây người dùng có thể ghi lại những tấm ảnh có độ bao quát tốt hơn để mang trọn khung cảnh hùng vĩ vào trong bức hình. Chống rung quang học OIS cũng sẽ được bổ sung trên máy, đây chắc hẳn là tính năng rất hữu ích dành cho các bạn vlogger bởi sự giảm thiểu độ rung lắc trên khung hình mà bạn quay được. Phía mặt trước của máy sẽ là camera 10 MP được thiết kế theo dạng nốt ruồi quen thuộc. Cùng với đó sẽ là nhiều tính năng hữu ích giúp xử lý da của bạn trở nên mịn màng hơn, người dùng có thể tự tin chia sẻ những bức ảnh tự chụp lên các trang mạng xã hội để khoe với bạn bè. Hỗ trợ camera trước - Samsung Galaxy Z Flip4 256GB Ngoài ra bạn cũng có thể selfie bằng cụm camera sau một cách dễ dàng nhờ sự hỗ trợ đến từ màn hình phụ, bởi màn hình này sẽ cho bạn biết chất lượng ảnh mà máy sẽ thu lại ra sao để từ đó tìm cách điều chỉnh khung hình hay gương mặt sao cho bức ảnh trở nên ưng ý nhất.',0,1,'',1),
('SP11','Samsung Galaxy Z Fold 4 5G 256GB',40990000,35990000,99,'2023-07-08','11.webp','Tại sự kiện Samsung Unpacked thường niên, Samsung Galaxy Z Fold4 256GB chính thức được trình làng thị trường công nghệ, mang trên mình nhiều cải tiến đáng giá giúp Galaxy Z Fold trở thành dòng điện thoại gập đã tốt nay càng tốt hơn.','Tại sự kiện Samsung Unpacked thường niên, Samsung Galaxy Z Fold4 256GB chính thức được trình làng thị trường công nghệ, mang trên mình nhiều cải tiến đáng giá giúp Galaxy Z Fold trở thành dòng điện thoại gập đã tốt nay càng tốt hơn. Kiểu dáng gập mở tinh tế tạo nên sự khác biệt Galaxy Z Fold4 (2022) ra mắt với ngoại hình gần như là không đổi khi so với Galaxy Z Fold3, nếu bạn chỉ nhìn bề ngoài thì bạn sẽ khó lòng phân biệt được 2 sản phẩm này. Máy vẫn sử dụng khung viền Armor Aluminum bền bỉ, mặt kính màn hình phụ là Corning Gorilla Glass Victus+, mặt kính màn hình chính là Ultra Thin Glass. Tạo khác biệt với màn hình gập, mở - Samsung Galaxy Z Fold4 256GB Và đây cũng là chiếc điện thoại gập bền bỉ nhất giới smartphone khi kết hợp với khả năng kháng nước chuẩn IPX8, có khả năng ngâm trong nước ngọt ở độ sâu tới 1.5 mét trong thời gian tối đa 30 phút* (máy không có khả năng kháng bụi). *Thông tin hãng Samsung cung cấp Điện thoại kháng nước - Samsung Galaxy Z Fold4 Năm nay Z Fold4 có thiết kế cân bằng hơn, bản lề và viền màn hình được thiết kế mỏng hơn giúp tổng thể ở màn hình phụ của máy rộng thêm 2.7 mm và màn hình chính rộng hơn 3 mm khi so với thế hệ tiền nhiệm. Tuy con số không quá lớn nhưng với trải nghiệm thực tế thì đây là một thay đổi cực kỳ đáng giá và mang lại hiệu quả sử dụng cao. Với kích thước màn hình được tăng lên thì màn hình phụ của Fold4 đã dễ dàng thao tác và gõ văn bản hơn, không còn gặp tình trạng dính chữ như trên thế hệ trước nữa. Với tỉ lệ màn hình này thì nó vẫn cao hơn smartphone ngoài thị thường một xíu. Màn hình phụ lớn hơn - Samsung Galaxy Z Fold4 256GB Hãng điện thoại Samsung đã thay đổi cấu trúc phần bản lề trên Fold4, điều này mang lại một cảm giác đóng - mở cứng cáp hơn. Máy có thể linh hoạt gập - mở ở các góc từ 75 độ đến 115 độ, cho bạn nhiều góc độ sử dụng điện thoại hơn. Thay đổi cấu trúc bản lề - Samsung Galaxy Z Fold4 Với khả năng gập mở linh hoạt này thì bạn có thể đặt máy trên mặt phẳng để chụp ảnh với các góc chụp sáng tạo để quay TikTok hay làm việc như một chiếc \"laptop mini\". Xem thêm: Flex Mode trên Galaxy Z Fold4 và Z Flip4: Một xu hướng và lối sống linh hoạt mới! Flex Mode trên Samsung Galaxy Z Fold4 Màn hình cực đại, trải nghiệm cực đã Samsung Galaxy Z Fold4 có màn hình phụ bên ngoài kích thước 6.2 inch độ phân giải HD+. Màn hình chính 7.6 inch hỗ trợ cơ chế gập, sử dụng công nghệ màn hình Dynamic AMOLED 2X rực rỡ cùng một số công nghệ như hỗ trợ độ sáng tối đa 1200 nits, tần số quét 120 Hz có khả năng thích ứng tùy thuộc vào ứng dụng và cài đặt. Công nghệ màn hình hàng đầu trong giới smartphone - Samsung Galaxy Z Fold4 Tất cả thông số trên giúp Fold4 trở thành một thiết bị có khả năng hiển thị bật nhất thị trường, màu sắc rực rỡ, nịnh mắt, màu đen sâu và màn hình cũng được chứng nhận khả năng bảo vệ mắt giúp bạn yên tâm hơn khi sử dụng sản phẩm trong thời gian dài. Kích thước màn hình chính của Fold4 gần tương đương với một chiếc máy tính bảng, cho bạn một không gian hiển thị rộng hơn, kết hợp với phần mềm được tối ưu độc quyền, giúp Galaxy Z Fold4 trở thành thiết bị 2 trong 1 cực kỳ tiện dụng. Năm nay Galaxy Z Fold4 tập trung nâng cấp về phần mềm và trải nghiệm người dùng là chính, với phiên bản Fold mới này khi bạn vào một ứng dụng bất kỳ thì phía dưới màn hình sẽ xuất hiện thanh Taskbar tương tự trên máy tính. Thanh taskbar trên Galaxy Z Fold thế hệ mới - Samsung Galaxy Z Fold4 Bạn có thể tùy chỉnh như thêm, xóa ứng dụng trên thanh công cụ này, các ứng dụng vừa được mở cũng sẽ xuất hiện ở đây. Nó sẽ giúp bạn đa nhiệm nhanh hơn, chuyển đổi qua lại các ứng dụng trực quan hơn. Bạn có thể kéo thả ứng dụng từ thanh taskbar lên màn hình để đa nhiệm đa cửa sổ, chia màn hình. Thanh taskbar này chỉ xuất hiện ở màn hình chính, màn hình phụ thanh taskbar sẽ không xuất hiện, bạn vẫn sẽ sử dụng như một chiếc smartphone thông thường. Ở màn hình chính, Galaxy Z Fold4 hỗ trợ đa nhiệm chia màn hình tối đa 3 ứng dụng (màn hình phụ hỗ trợ chia tối đa 2 ứng dụng), nếu bạn sử dụng cửa sổ nổi thì số lượng cửa sổ sẽ được tăng lên. Hỗ trợ chia màn hình, giúp đa nhiệm hiệu quả hơn - Samsung Galaxy Z Fold4 Với những bạn có sở thích viết, vẽ hoặc công việc có tính chất đặc thù là ghi chép nhanh hay phác họa thì Galaxy Z Fold4 có lẽ sẽ là một lựa chọn tối ưu dành cho các bạn bởi máy sẽ có chức năng tương tự như một cuốn sổ truyền thống khi sử dụng kèm với bút S Pen*. Và S Pen vẫn sẽ được tối ưu để sử dụng với các thiết bị gập, vừa tương thích vừa không làm ảnh hưởng đến màn hình. *S Pen là phụ kiện bán rời, không kèm trong hộp khi mua máy Dám nâng cấp, tạo khác biệt Cụm camera trên Fold4 có thông số và thiết kế khá giống với Galaxy S22+, camera trên Fold4 được nâng cấp rất nhiều so với các thế hệ trước đây, máy sở hữu camera chính góc rộng độ phân giải 50 MP, camera góc siêu rộng 12 MP và một camera tele 10 MP.',0,1,'',1),
('SP01','Samsung Galaxy Z Flip4 5G 128GB',23990000,15990000,99,'2023-07-08','1.webp','Samsung Galaxy Z Flip4 128GB đã chính thức ra mắt thị trường công nghệ, đánh dấu sự trở lại của Samsung trên con đường định hướng người dùng về sự tiện lợi trên những chiếc điện thoại gập. Với độ bền được gia tăng cùng kiểu thiết kế đẹp mắt giúp Flip4 trở thành một trong những tâm điểm sáng giá cho nửa cuối năm 2022.','Samsung Galaxy Z Flip4 128GB đã chính thức ra mắt thị trường công nghệ, đánh dấu sự trở lại của Samsung trên con đường định hướng người dùng về sự tiện lợi trên những chiếc điện thoại gập. Với độ bền được gia tăng cùng kiểu thiết kế đẹp mắt giúp Flip4 trở thành một trong những tâm điểm sáng giá cho nửa cuối năm 2022. Dẫn đầu xu hướng thiết kế mới Có lẽ điện thoại gập đã không còn là cái tên quá xa lạ bởi nhiều ông lớn trong ngành sản xuất thiết bị di động đã cho ra mắt khá nhiều sản phẩm có thiết kế tương tự, gần đây nhất thì có sự góp mặt của chiếc flagship đến từ nhà Samsung mang tên Galaxy Z Flip4. Thiết kế cao cấp - Samsung Galaxy Z Flip4 Ngay từ những giây phút đầu tiên sử dụng chiếc Galaxy Z Flip4 mình đã cảm nhận được sự khác biệt của nó so với thế hệ trước, máy bây giờ đã vuông vắn hơn nhờ tạo hình vát phẳng ở hai mặt và các cạnh. Ngoại hình vuông vức - Samsung Galaxy Z Flip4 Phần mặt lưng của máy được phủ một lớp nhám nhẹ giúp cho mình có thể cầm nắm chắc tay hơn, hạn chế được tình trạng bám dấu vân tay trong quá trình sử dụng. Hoàn thiện mặt lưng nhám - Samsung Galaxy Z Flip4 Theo như hãng công bố thì phiên bản điện thoại Galaxy Z này có thể gập lên đến 200.000 lần liên tục trong phòng thí nghiệm. Nếu trung bình một ngày bạn gập, mở máy khoảng 50 lần thì mất khoảng 10 năm thì mới có thể đạt đến số lần gập này. Gập mở chắc chắn - Samsung Galaxy Z Flip4 Bộ khung và bản lề của sản phẩm được hoàn thiện từ vật liệu Armor Aluminum cứng cáp. Liên kết giữa các chi tiết được làm khít lại để giúp máy có thể kháng nước tốt hơn với chuẩn IPX8, từ đó giúp Galaxy Z Flip4 trở thành chiếc điện thoại gập bền bỉ nhất. Hỗ trợ kháng nước - Samsung Galaxy Z Flip4 Với những thông tin trên cho thấy Samsung Galaxy Z Flip4 là một chiếc điện thoại kháng nước, bụi có độ bền rất cao, vì thế bạn hoàn toàn có thể an tâm trong việc sử dụng thiết bị một khoảng thời gian dài. Nâng tầm trải nghiệm smartphone Với một người thích sử dụng những chiếc điện thoại màn hình lớn như mình thì trở ngại thường gặp đó chính là kích thước máy khá to, gây khó khăn cho mình trong những lúc bỏ vào túi. Thế nhưng điều này lại được khắc phục hoàn toàn trên chiếc Galaxy Z Flip4 bởi sau khi gập thì chiều dài của máy chỉ còn khoảng 84.9 mm. Gấp gọn tiện lợi - Samsung Galaxy Z Flip4 Với kích thước nhỏ gọn như vậy thì máy dễ dàng nằm gọn trong lòng bàn tay, đây được xem là một sản phẩm rất thích hợp dành cho những bạn nữ mong muốn có cho mình một thiết bị có màn hình lớn nhưng vẫn đáp ứng được tiêu chí nhỏ gọn và thời trang. Một điểm hay trên phiên bản này là về giao diện chụp ảnh chia đôi màn hình đã hỗ trợ trên ứng dụng camera bên thứ 3, giờ đây khung hình hiển thị màn chụp sẽ được thu nhỏ và nằm vừa vặn bên trong nửa màn hình còn lại để mình dễ dàng theo dõi chất lượng ảnh, từ đó có thể chủ động hơn trong việc điều chỉnh góc chụp. Tùy biến giao diện chụp ảnh - Samsung Galaxy Z Flip4 Hơn nữa, bạn có thể selfie bằng cụm camera sau để nâng cao chất lượng ảnh một cách dễ dàng nhờ có màn hình phụ. Selfie dễ dàng - Samsung Galaxy Z Flip4 Một điểm hay nữa ở phần màn hình phụ mà mình muốn chia sẻ với các bạn là ở phần tính năng hiển thị, Galaxy Z Flip4 có thể đem đến nhiều thông tin và tiện ích để bạn có thể sử dụng nhanh chóng mà không cần mở thiết bị, nổi bật trong số đó có thể kể đến như: Nhạc, lịch, thời tiết, gọi trực tiếp,... Hỗ trợ nhiều tiện ích - Samsung Galaxy Z Flip4 Điều nâng cấp ở phiên bản này so với thế hệ trước là giờ đây Galaxy Z Flip4 có thể giúp bạn nhận trực tiếp cuộc gọi từ màn hình phụ (hỗ trợ nghe loa ngoài), trả lời tin nhắn bằng văn bản soạn sẵn. Trang bị nhiều tiện ích - Samsung Galaxy Z Flip4 Để màn hình phụ trở nên thú vị hơn thì hãng điện thoại Samsung đã bổ sung rất nhiều kiểu màn hình để bạn có thể tùy biến giao diện theo ý thích cá nhân. Không những thế, việc cài đặt màn hình mang dấu ấn cá nhân cũng đã tạo thêm điểm nhấn cho chiếc máy ở phần mặt lưng. Tùy biến màn hình theo ý thích - Samsung Galaxy Z Flip4 Sở hữu màn hình cao cấp Màn hình chính được trang bị một tấm nền Dynamic AMOLED 2X có độ phân giải Full HD+ (2640 x 1080 Pixels), ảnh cho ra sẽ có màu sắc rực rỡ và nhìn rất trong trẻo, mọi nội dung đều được tái hiện sắc nét. Xem thêm: Màn hình Dynamic AMOLED 2X là gì? Điểm nổi bật? Có trên điện thoại nào Nếu như chỉ sử dụng điện thoại cho những tác vụ cơ bản thì dường như mình ít cảm nhận được sự khác biệt rõ rệt, đặc biệt là khi so sánh với những tấm nền Super AMOLED của các thiết bị đến từ nhà Samsung trước đây. Màn hình chất lượng - Samsung Galaxy Z Flip4 Tuy nhiên sau khi mình chơi những tựa game có đồ họa nhiều màu sắc và hiệu ứng hình ảnh như Liên Quân Mobile, xem những bộ phim bom tấn đến từ Marvel thì mọi thứ dường như đã làm mình choáng ngợp. Màu sắc phải nói là rất đã mắt và chân thực. Màu sắc rực rỡ - Samsung Galaxy Z Flip4 Màn hình chính có kích thước đến 6.7 inch nên ta hoàn toàn có thể sử dụng đồng thời hai app',0,1,'',1),
('SP02','Samsung Galaxy S22 5G 128GB',21990000,12490000,99,'2023-07-08','2.webp','','',0,1,'',1),
('SP09','Samsung Galaxy A34 5G',8490000,7490000,99,'2023-07-08','9.webp','','',0,1,'',1),
('SP10','Samsung Galaxy A54 5G 128GB',10490000,9190000,99,'2023-07-08','10.webp','Samsung Galaxy A54 5G 128GB là mẫu điện thoại tầm trung hiện đang làm mưa làm gió tại thị trường Việt Nam khi sở hữu những thông số ấn tượng với chip hiệu năng cao, màn hình chất lượng đi cùng hệ thống camera xịn sò trong phân khúc.','Samsung Galaxy A54 5G 128GB là mẫu điện thoại tầm trung hiện đang làm mưa làm gió tại thị trường Việt Nam khi sở hữu những thông số ấn tượng với chip hiệu năng cao, màn hình chất lượng đi cùng hệ thống camera xịn sò trong phân khúc. Sở hữu khả năng chụp đêm ấn tượng Sau hơn 2 tuần trải nghiệm chiếc Galaxy A54, mình thực sự đã rất ngạc nhiên về khả năng chụp ảnh của máy khi đây chỉ là một chiếc điện thoại tầm trung nhưng lại cho ra chất lượng ảnh có thể xem như tiệm cận một vài sản phẩm thuộc dòng flagship. Trang bị 3 camera - Samsung Galaxy A54 5G 128GB Điện thoại được trang bị hệ thống camera gồm 3 ống kính chất lượng nhằm mang đến trải nghiệm chụp ảnh và quay video ấn tượng. Camera chính được nâng cấp lên độ phân giải 50 MP cho ra những hình ảnh sắc nét, chi tiết đến từng điểm ảnh. Bên cạnh đó, camera góc siêu rộng 12 MP cho phép bạn thu được góc nhìn rộng, bao quát khung cảnh. Đặc biệt, camera macro 2 MP sẽ khiến những chủ thể nhỏ nhất cũng trở nên sống động. Galaxy A54 còn được trang bị công nghệ chống rung OIS tiên tiến cho camera chính. Điều này giúp mình có thể chụp ảnh và quay video mà không phải lo lắng về hiện tượng nhòe do rung hoặc lắc trong quá trình sử dụng. Hỗ trợ nhiều tính năng phụ - Samsung Galaxy A54 5G 128GB Trong điều kiện đầy đủ ánh sáng tự nhiên, ảnh chụp từ điện thoại cho ra có độ chi tiết cao, màu sắc được tái tạo lại một cách tươi mới và vô cùng sống động, những vùng sáng tối trên bức ảnh được cân bằng một cách hài hòa giúp cho tổng thể trở nên đẹp mắt và chuyên nghiệp. Ảnh chụp từ điện thoại - Samsung Galaxy A54 5G 128GB Ảnh chụp mặc định Nhờ có độ chi tiết cao nên ảnh chụp sau khi phóng to lên cũng không bị bể quá nhiều, rất phù hợp cho những tình huống mình cần thay đổi kích thước khung hình hay muốn phóng lớn chủ thể để làm cho bức ảnh trở nên nổi bật hơn. Cụ thể thì mình cũng đã zoom bức ảnh bên trên lớn hơn khoảng 30% nhưng chất lượng ảnh vẫn không hề bị giảm đi đáng kể so với bức ảnh gốc khi nhìn bằng mắt thường. Ảnh chụp từ điện thoại - Samsung Galaxy A54 5G 128GB Ảnh chụp sau khi phóng to Dù trong môi trường chỉ có ánh sáng từ đèn, Galaxy A54 vẫn mang đến cho mình những bức ảnh rất ấn tượng. Độ chi tiết của các bức ảnh gần như không thay đổi so với khi chụp ở nơi có ánh sáng tự nhiên. Màu sắc và độ tương phản được điều chỉnh một cách khéo léo, tạo nên sự cân đối và hài hòa, khiến tổng thể của các bức ảnh trở nên vô cùng đẹp mắt. Ảnh chụp từ điện thoại - Samsung Galaxy A54 5G 128GB Galaxy A54 thực sự là một chiến thần chụp đêm hàng đầu trong phân khúc điện thoại tầm trung, khi các bức ảnh chụp trong điều kiện thiếu sáng vẫn giữ được độ chi tiết nhờ khả năng tái tạo ánh sáng và giảm nhiễu được Samsung tối ưu rất tốt. Ảnh chụp từ điện thoại - Samsung Galaxy A54 5G 128GB Ảnh chụp ở chế độ mặc định Ảnh chụp từ điện thoại - Samsung Galaxy A54 5G 128GB Ảnh chụp ở chế độ ban đêm Cụ thể, mình đã thực hiện một buổi chụp qua nhiều khung giờ khác nhau, nhằm theo dõi khả năng chụp đêm thực tế và tìm ra xem đâu là thời điểm thích hợp để chụp được những bức ảnh ấn tượng nhất trên chiếc điện thoại Samsung dòng A này. Đầu tiên là vào khoảng 06:00 PM, khi bầu trời chuyển dần sang màu tối và hiện ra những vệt sáng hồng - cam. Chiếc điện thoại Samsung không chỉ thu được màu sắc chân thực mà còn giữ được độ chi tiết cao. Ảnh chụp từ điện thoại - Samsung Galaxy A54 5G 128GB Ảnh chụp từ điện thoại - Samsung Galaxy A54 5G 128GB Tiếp đến là vào 07:00 PM, khung cảnh lúc này cũng đã bắt đầu tối hẳn và gần như không còn ánh sáng tự nhiên, tổng quan bức ảnh vẫn rất sáng và dễ nhìn, hiện tượng nhiễu hạt cũng ít xuất hiện, những vị trí có nguồn sáng lớn như bóng đèn cũng không bị lóa quá nhiều, mình hoàn toàn có thể dùng bức ảnh này để đăng tải trực tiếp lên mạng xã hội mà không cần qua thêm bước hậu kỳ. Ảnh chụp từ điện thoại - Samsung Galaxy A54 5G 128GB Vào khoảng 08:00 PM, lúc này mình chọn một vị trí có ánh sáng phức tạp để thực hiện bài test, mình đã sử dụng điện thoại để chụp ở 3 chế độ khác nhau rồi so sánh kết quả, thứ tự lần lượt là chụp bằng camera góc siêu rộng, camera thường và cuối cùng là zoom 3X. Ảnh chụp từ điện thoại - Samsung Galaxy A54 5G 128GB Ảnh chụp từ chế độ mặc định Ảnh chụp từ điện thoại - Samsung Galaxy A54 5G 128GB Ảnh chụp từ chế độ góc siêu rộng Ảnh chụp từ điện thoại - Samsung Galaxy A54 5G 128GB Ảnh chụp từ chế độ zoom 3X Kết quả của những bức ảnh chụp ở 3 chế độ này đều ấn tượng, không bị vỡ điểm ảnh hay nhiễu hạt quá nhiều. Và dù trong điều kiện thiếu sáng, Galaxy A54 vẫn cho thấy tốc độ lấy nét đáng kinh ngạc khi bức ảnh được chụp gần như ngay lập tức mà không có độ trễ.',0,1,'',1),
('SP12','Samsung Galaxy A14 4G',4490000,3790000,99,'2023-07-08','12.webp','','',0,1,'',1),
('SP14','Samsung Galaxy A04',2990000,2290000,99,'2023-07-08','14.webp','','',0,1,'',1),
('SP18','Samsung Galaxy A04s',3990000,3490000,99,'2023-07-08','18.webp','','',0,1,'',1),
('SP42','Samsung Galaxy S21 FE 5G 8GB - 128GB',16990000,11490000,99,'2023-07-08','42.webp','','',0,1,'',1),
('SP43','Samsung Galaxy S23 5G 256GB',24990000,20490000,99,'2023-07-08','43.webp','','',0,1,'',1),
('SP44','Samsung Galaxy S23 Plus 5G 256GB',26990000,23990000,99,'2023-07-08','44.webp','Samsung Galaxy S23+ 5G 256GB là chiếc điện thoại thuộc dòng cao cấp nhất của Samsung được giới thiệu vào tháng 02/2023. Máy sở hữu một vài điểm ấn tượng như camera có khả năng quay video 8K, cùng với đó là con chip Snapdragon 8 Gen 2 mạnh mẽ hàng đầu giới điện thoại Android.','Samsung Galaxy S23+ 5G 256GB là chiếc điện thoại thuộc dòng cao cấp nhất của Samsung được giới thiệu vào tháng 02/2023. Máy sở hữu một vài điểm ấn tượng như camera có khả năng quay video 8K, cùng với đó là con chip Snapdragon 8 Gen 2 mạnh mẽ hàng đầu giới điện thoại Android. Vẻ ngoài đẳng cấp xứng danh flagship Ấn tượng đầu tiên của mình khi trên tay chiếc Galaxy S23+ là cái nhìn vuông vắn sang trọng, tổng thể máy được hoàn thiện từ các loại chất liệu cao cấp giúp mang đến trải nghiệm cầm nắm đầm tay hơn. Thiết kế vuông vắn - Samsung Galaxy S23+ 5G 256GB Hơn thế, bộ khung nhôm và mặt lưng kính cường lực cũng mang đến cho máy khả năng kháng xước tốt hay hạn chế được rủi ro nứt, vỡ mỗi khi máy có gặp va chạm ngoài ý muốn. Về kiểu hoàn thiện thì khung máy được làm theo kiểu nhẵn bóng giúp mang đến cái nhìn bắt mắt và sang trọng hơn, cùng với đó là mặt lưng làm nhám nhằm giảm thiểu hiện tượng bám dấu vân tay và mồ hôi mỗi khi sử dụng, ngoài ra các vết xước nhẹ cũng được giảm thiểu đối với mặt lưng của chiếc máy này. Khung viền nhôm chắc chắn - Samsung Galaxy S23+ 5G 256GB Thoạt nhìn thì ở phiên bản Galaxy S23+ có lẽ sẽ không có quá nhiều sự đổi mới so với thế hệ tiền nhiệm, tuy nhiên điểm mà ta có thể dễ dàng nhận thấy và phân biệt được hai mẫu máy giữa đời trước và đời sau là nằm ở phần cụm camera. Sẽ không còn đặt chung cụm nữa, mà thay vào đó camera trên Galaxy S23+ đều được bố trí theo cách riêng lẻ, vừa mang đến điểm nhấn mới lạ xong cũng đem lại điểm nhận diện đặc trưng cho dòng máy này. Cụm camera riêng biệt - Samsung Galaxy S23+ 5G 256GB Còn về nguyên lý thiết kế phần màn hình thì Galaxy S23+ cũng không có quá nhiều điều khác biệt, vẫn sẽ là màn hình phẳng với các viền siêu mỏng bao bọc xung quanh, cùng với đó là hình notch dạng đục lỗ chứa camera được làm nhỏ để tối ưu diện tích hiển thị. Viền màn hình mỏng - Samsung Galaxy S23+ 5G 256GB Bứt phá mọi giới hạn với chip Snapdragon 8 Gen 2 Vào mỗi dịp ra mắt, hãng điện thoại Samsung sẽ trang bị những con chip mạnh mẽ nhất được ra mắt cùng thời gian đó, và tới thời điểm hiện tại thì vi xử lý Snapdragon 8 Gen 2 là cái tên đã xuất hiện trên Galaxy S23+ với hiệu năng mang lại là vô cùng ấn tượng. Trang bị Snapdragon 8 Gen 2 - Samsung Galaxy S23+ 5G 256GB Theo thông số của chip được cung cấp bởi hãng thì Snapdragon 8 Gen 2 có thể hoạt động với hiệu suất tối đa đạt được là 3.36 GHz, đây là con số rất lớn trên những mẫu điện thoại Android khi khá ít thiết bị đạt được ngưỡng hiệu năng trên. Ngoài ra thì mình cũng đã kiểm chứng sức mạnh của máy thêm một lần nữa, thao tác này được thực hiện thông qua hai phần mềm đo hiệu năng thường dùng và kết quả có được như sau: 1449 (đơn nhân), 4565 (đa nhân) trên Benchmark và 15211 trên PCMark. Điểm đánh giá hiệu năng - Samsung Galaxy S23+ 5G 256GB Về trải nghiệm thực tế ra sao thì mình cũng đã dành ra hai tuần trải nghiệm Galaxy S23+, và những gì mình cảm nhận được là một độ mượt rất ổn định mà máy đã mang lại. Mọi nhu cầu sử dụng cơ bản hàng ngày đều được xử lý nhanh chóng và mình cũng không hề cảm thấy giật lag hay chậm đơ. Hiệu năng mạnh mẽ - Samsung Galaxy S23+ 5G 256GB Với những tín đồ về game thì Snapdragon 8 Gen 2 là cái tên thu hút được nhiều sự chú ý đến từ người dùng, khi đây được xem là mẫu chip mạnh mẽ bậc nhất dòng điện thoại Android hiện nay. Thực tế thì mình đã dùng Galaxy S23+ để chơi game Liên Quân Mobile trong lúc trải nghiệm máy, cấu hình cụ thể mà mình cài đặt ở đây là gần như tối đa cho mọi thông số, điều này nhằm khai thác được tối đa hiệu năng trên chip để thử xem máy mạnh mẽ tới đâu. Cấu hình game - Samsung Galaxy S23+ 5G 256GB Kết quả thì Galaxy S23+ vẫn thừa sức xử lý được tựa game này, máy gần như không gặp phải khó khăn nào trong lúc mình sử dụng, mọi thứ đều được diễn ra mượt mà với tốc độ khung hình duy trì ổn định ở mức loanh toanh 60 FPS. Cấu hình game - Samsung Galaxy S23+ 5G 256GB Chuyển đến tựa game khó hơn là Genshin Impact, đây được đánh giá là trò chơi đòi hỏi hiệu năng của thiết bị phải thật mạnh mẽ, và là cái tên xứng tầm để test thử hiệu năng của Galaxy S23+. Cấu hình ở tựa game này vẫn tiếp tục là mức cài đặt cao nhất mà máy có thể đạt được, bởi vì mình muốn trải nghiệm được hình ảnh với chất lượng nhất mà tựa game này hiển thị ra sao, và nó có thực sự làm khó được Galaxy S23+. Cấu hình game - Samsung Galaxy S23+ 5G 256GB Cấu hình game - Samsung Galaxy S23+ 5G 256GB Mình khá bất ngờ khi trải nghiệm thực tế qua tựa game này ở mức cấu hình cao mà máy vẫn có thể xử lý tốt, mức FPS luôn được dao động trong tầm từ 35 - 45 và ít khi xảy ra hiện tượng drop quá sâu, nó giúp cho tình trạng giật hay đơ máy ít khi xảy ra. Cấu hình game - Samsung Galaxy S23+ 5G 256GB Nhiệt độ do chip tỏa ra luôn là câu hỏi được người dùng quan tâm trên những mẫu chip đời cao, và nếu như ở Gen 1 có xuất hiện tình trạng quá nhiệt trong lúc chơi game ở một vài dòng máy đến từ các hãng khác.',0,1,'',1),
('SP25','Vivo Y15s 3GB - 32GB',3490000,2490000,99,'2023-07-08','25.webp','Vivo vừa mang một chiến binh mới đến phân khúc tầm trung giá rẻ có tên Vivo Y15s, một sản phẩm sở hữu khá nhiều ưu điểm như thiết kế đẹp, màn hình lớn, camera kép, pin cực trâu và còn rất nhiều điều thú vị khác đang chờ đón bạn.','Vivo vừa mang một chiến binh mới đến phân khúc tầm trung giá rẻ có tên Vivo Y15s, một sản phẩm sở hữu khá nhiều ưu điểm như thiết kế đẹp, màn hình lớn, camera kép, pin cực trâu và còn rất nhiều điều thú vị khác đang chờ đón bạn. Ngoại hình sang trọng, ấn tượng Vivo Y15s sở hữu nhiều điểm tương đồng với những \"người anh em\" Vivo Y15 của mình khi toàn bộ thân máy làm bằng Polymer cao cấp, thiết kế cong cạnh 3D và kiểu dáng mỏng nhẹ chỉ 8.28 mm đem lại cảm giác cầm máy trong tay khá thoải mái. Mặt lưng hoàn thiện với họa tiết kẻ sọc mờ với hai tùy chọn màu sắc Xanh Biển Sâu và Trắng có khả năng chuyển sáng xanh vô cùng đẹp mắt. Điện thoại Vivo Y15s | Ngoại hình sang trọng ấn tượng Điện thoại còn được trang bị tính năng bảo mật mở khóa vân tay ở cạnh bên, được tích hợp hoàn hảo với nút nguồn ở vị trí vô cùng thuận lợi giúp người dùng có thể mở khóa cực nhanh chỉ trong 0.232 giây. Điện thoại Vivo Y15s | Mở khóa vân tay ở cạnh viền Màn hình của Vivo Y15s có kích thước lên tới 6.51 inch với thiết kế tràn viền siêu mỏng hai bên giúp tăng tỷ lệ hiển thị hình ảnh, tạo nên trải nghiệm quan sát chân thực. Độ sáng của màn hình sẽ tự động điều chỉnh theo điều kiện môi trường xung quanh và chế độ bảo vệ mắt giúp giảm ánh sáng xanh, bảo vệ thị lực của bạn và mang lại trải nghiệm sử dụng luôn được thoải mái nhất. Màn hình Vivo Y15s Sáng tạo không ngừng với bộ đôi camera AI Vivo Y15s được trang bị bộ đôi camera sau, camera chính có độ phân giải 13 MP khẩu độ f/2.2 hỗ trợ chụp ảnh góc rộng, lấy nét tự động và camera phụ 2 MP khẩu độ f/2.4 hỗ trợ chụp ảnh macro, máy hỗ trợ chụp xóa phông với sự giúp sức của trí tuệ nhân tạo AI, cho bạn sáng tạo không giới hạn trong nhiếp ảnh. Điện thoại Vivo Y15s | Sáng tạo không ngừng nghỉ với bộ đôi camera sau Bên cạnh bộ đôi camera sau chuyên nghiệp, camera trước của Vivo Y15s cũng không hề kém cạnh với độ phân giải lên tới 8 MP, hỗ trợ đầy đủ các tính năng làm đẹp bằng trí tuệ nhân tạo AI, để bạn luôn có được những tấm hình tuyệt vời trong từng chi tiết. Trong đó có thể kể tới tính năng bù sáng selfie tự động điều chỉnh để thích ứng với ánh sáng của môi trường xung quanh và công nghệ Face Beauty sẽ gợi ý những điều chỉnh trên gương mặt được thiết kế dành riêng cho bạn để bạn luôn được tỏa sáng trong mọi khung ảnh. Điện thoại Vivo Y15s | Tính năng bù sáng khi selfie Ngoài ra, Y15s còn hỗ trợ thêm tính năng nhận diện khuôn mặt thông minh, bạn chỉ cần nhấc điện thoại đối diện với khuôn mặt là có thể mở khóa dễ dàng. Điện thoại Vivo Y15s | Tính năng mở khóa bằng khuôn mặt Hiệu năng ổn định cho các tác vụ cơ bản hàng ngày Điện thoại Vivo Y15s được trang bị bộ vi xử lý MediaTek Helio P35 8 nhân có tốc độ lên đến 2.3 GHz và sản xuất trên tiến trình 12 nm cho hiệu năng cao đồng thời tiết kiệm năng lượng một cách tối ưu. Điện thoại Vivo Y15s | Hiệu năng mượt mà Vivo Y15s sở hữu RAM 3GB và Bộ nhớ trong 32GB vừa đủ để cài đặt và sử dụng các ứng dụng quan trọng thường dùng, bạn có thể lưu trữ hình ảnh, video, dữ liệu khác,... trên thẻ nhớ ngoài, được hỗ trợ thẻ nhớ có dung lượng tối đa đến 1 TB. Vivo Y15s trang bị hệ điều hành Android 11 phiên bản Go edition (còn có thể gọi tắt là Android Go) - là 1 phiên bản tối ưu, kích thước nhẹ và tiết kiệm dữ liệu hơn. Android 11 Go edition cải thiện thời gian khởi động ứng dụng lên 20% (so với Android 10 Go edition), thêm dung lượng lưu trữ hệ điều hành lên đến 900 MB và tối đa 270 MB bộ nhớ RAM trống giúp bạn thao tác đa nhiệm mượt mà hơn. Lưu ý thêm: Android 11 Go edition chưa hỗ trợ các tính năng bao gồm chia đôi màn hình/cửa sổ đa nhiệm, hình trong hình, multi display, nhiều người dùng, hình nền động. Android 11 Go edition Trên Vivo Y15s còn có thêm chế độ Multi-Turbo 3.0, thiết kế dành riêng cho việc chơi game đỉnh cao, tập trung vào việc tối ưu hóa và phân bổ tài nguyên bộ nhớ một cách hợp lý giúp điện thoại có thể vận hành mượt mà, giảm giật lag trong các trò chơi. Multi-Turbo 3 trên Vivo Y15s Vivo Y15s sở hữu dung lượng pin lớn 5000 mAh đủ để đáp ứng các hoạt động nghe gọi, lướt web, nghe nhạc, xem YouTube trong 1 ngày của bạn. Điện thoại Vivo Y15s | Thời lượng pin ấn tượng Nhìn chung, Vivo Y15s một lựa chọn không tồi cho người dùng đam mê giải trí với màn hình lớn và hiệu năng tốt rất đáng để người dùng lưu tâm trong phân khúc tầm trung - giá rẻ.',0,1,'',1),
('SP22','Vivo Y35 8GB-128GB',6990000,5690000,99,'2023-07-08','22.webp','Vivo Y35 là một chiếc điện thoại tầm trung đáng chú ý được ra mắt vào tháng 10/2022, máy nổi bật nhờ sở hữu thiết kế đẹp, khả năng sạc nhanh cùng cấu hình ổn trong phân khúc, ngoài ra camera với độ phân giải lên đến 50 MP cũng là điểm cộng dành cho chiếc máy này.','Vivo Y35 là một chiếc điện thoại tầm trung đáng chú ý được ra mắt vào tháng 10/2022, máy nổi bật nhờ sở hữu thiết kế đẹp, khả năng sạc nhanh cùng cấu hình ổn trong phân khúc, ngoài ra camera với độ phân giải lên đến 50 MP cũng là điểm cộng dành cho chiếc máy này. Tỏa sáng với diện mạo đẹp mắt Điện thoại được tạo hình theo kiểu vuông vức tương tự như những mẫu điện thoại Vivo dòng Y được ra mắt trước đó trong năm 2022, đây được xem là kiểu dáng thịnh hành và được chuộng khá nhiều trong những năm gần đây, nó giúp cho điện thoại trông sang trọng, thời thượng hơn và cảm giác cũng trở nên đắt tiền hơn. Thiết kế điện thoại - Vivo Y35 Mặt lưng của Vivo Y35 có hiệu ứng thay đổi hình ảnh khá độc đáo mỗi khi ta nghiêng máy qua nhiều góc độ. Cảm giác như máy được nhiều nguồn sáng chiếu vào, tạo nên nhiều ô vuông theo kiểu caro trông rất thú vị và bắt mắt. Thiết kế điện thoại - Vivo Y35 Ngoài ra thì bề mặt cũng được làm theo kiểu nhám, cảm giác khi sờ vào thì khá mịn và bám tay, bởi vậy mà mỗi khi mình cầm máy trong lúc tay đang ẩm ướt cũng khá là chắc và ít khi có cảm giác bị trơn tuột, hơn hết hiện tượng lưu dấu mồ hôi và vân tay cũng ít khi xuất hiện trên mặt lưng này. Thiết kế điện thoại - Vivo Y35 Bao bọc xung quanh các viền của máy thì sẽ là bộ khung được làm từ kim loại, mình cảm giác nó khá là cứng cáp và chắc chắn. Nhờ vào điều này mà điện thoại trở nên bền bỉ và chắc chắn hơn, khi vô tình làm rơi thì máy cũng khó có thể bị bung ra để gây hư hại. Ở mặt trước của điện thoại thì sẽ được sử dụng màn hình theo kiểu giọt nước, đây có thể xem là một điểm hạn chế so với các đối thủ khi nhiều mẫu máy có cùng mức giá với Vivo Y35 cũng đã trang bị kiểu hình notch dạng nốt ruồi nhỏ nhắn. Thiết kế điện thoại - Vivo Y35 Về trải nghiệm thực tế thì hình notch này chiếm khá nhiều diện tích trên vùng hiển thị, vì thế khi xem phim hay chơi game sẽ không tạo được cảm giác thoải mái trọn vẹn. Tuy nhiên bù lại thì viền màn hình được làm khá mỏng, điều này mang lại cái nhìn thanh thoát hơn, khi nhìn vào cũng cảm thấy dễ chịu mà không hề bí bách. Trang bị pin lớn cùng khả năng sạc siêu nhanh Trang bị bên trong một chiếc máy có độ mỏng khoảng 8.28 mm là một viên pin lớn có dung lượng lên đến 5000 mAh, nó cho phép ta có thể thoải mái sử dụng điện thoại cả ngày mà không cần quan ngại đến việc máy sẽ hết pin giữa chừng. Mình đã có dùng qua Vivo Y35 như một chiếc máy chính để phục vụ cho các nhu cầu giải trí trong một ngày, kết quả là sau khoảng 8 tiếng 5 phút mới có thể sử dụng hết 100% dung lượng pin có trên điện thoại. Pin và khả năng sạc - Vivo Y35 Còn về thời gian sạc đầy pin cho máy thì mình thấy cũng khá nhanh, mặc dù không nhớ rõ chính xác nhưng dao động đâu đó trong khoảng 1 tiếng cho đến 1 tiếng rưỡi là máy đã có thể nạp đầy 100%, điều này nhờ vào việc Vivo trang bị cho điện thoại công nghệ sạc nhanh Quick Charge 4.0 với công suất tối đa 44 W. Nâng cao chất lượng ảnh chụp với camera 50 MP Vivo Y35 được trang bị hệ thống ống kính khá xịn sò trong phân khúc khi sở hữu 3 camera, trong đó camera chính có độ phân giải 50 MP và đi kèm với đó sẽ là 2 camera phụ có chung độ phân giải 2 MP. Camera của điện thoại - Vivo Y35 Ảnh chụp từ Vivo Y35 khi ở môi trường có đủ ánh sáng sẽ có được chất lượng rất ổn, độ chi tiết cao, màu sắc rực rỡ cùng các mảng sáng - tối được cân bằng hài hòa giúp cho tổng thể của cả bức hình trở nên dễ nhìn và cực kỳ đẹp mắt. Camera của điện thoại - Vivo Y35 Camera của điện thoại - Vivo Y35 Khi vào chập tối, thời điểm mà cường độ ánh sáng bắt đầu giảm tương đối nhiều thì mình cũng đã sử dụng thêm tính năng AI camera để bổ trợ cho việc chụp ảnh, tính năng này giúp can thiệp vào việc tinh chỉnh ánh sáng và màu sắc để cho ra bức ảnh đẹp và trông tự nhiên nhất. Camera của điện thoại - Vivo Y35 Camera của điện thoại - Vivo Y35 Mặc dù không được đạt kết quả tốt như chế độ ban đêm*, thế nhưng nó cũng đã phần nào giúp cải thiện được chất lượng khi cho ra bức ảnh bắt mắt, rõ ràng, đủ sáng và màu sắc tươi tắn. Khi nhìn vào ảnh và so với thực tế, mình cảm giác như bức ảnh này được chụp vào thời điểm cách đó khoảng 1 giờ trước bởi nó sáng hơn bên ngoài khá nhiều. *Điện thoại không hỗ trợ chế độ ban đêm Trang bị RAM lớn cùng con chip nhà Qualcomm Về phần cấu hình, Vivo Y35 được trang bị con chip Snapdragon 680 8 nhân, đây là mẫu chip khá nổi bật trong phân khúc tầm trung khi nó có thể cân bằng được mức hiệu suất tốt cùng khả năng tối ưu năng lượng tiêu thụ. Ở những tác vụ cơ bản như đóng/mở ứng dụng, lướt web, xem phim hay nhắn tin/nghe gọi thì điện thoại xử lý dễ dàng, hiếm khi xảy ra hiện tượng giật lag hay khựng lâu khó chịu. Hiệu năng của điện thoại - Vivo Y35 Cùng với đó thì sẽ là RAM 8GB và còn được hỗ trợ thêm tính năng mở rộng thêm 8GB giúp nâng tổng số lên 16 GB, điều này cho phép ta có thể đa nhiệm nhiều ứng dụng cùng lúc, hỗ trợ chơi các tựa game đòi hỏi cấu hình bộ nhớ đệm cao trở nên mượt mà hơn rất nhiều.',0,1,'',1),
('SP23','Vivo Y22s 8GB-128GB',5990000,5290000,99,'2023-07-08','23.webp','','',0,1,'',1),
('SP24','Vivo Y22s 8GB-128GB',5990000,5290000,99,'2023-07-08','24.webp','','',0,1,'',1),
('SP26','Vivo Y16 4GB-128GB',4490000,3890000,99,'2023-07-08','26.webp','','',0,1,'',1),
('SP45','Vivo V25 Pro 5G 8GB-128GB',13990000,12490000,99,'2023-07-08','45.webp','Vivo V25 Pro 5G vừa được ra mắt với một mức giá bán cực kỳ hấp dẫn, thế mạnh của máy thuộc về phần hiệu năng nhờ trang bị con chip MediaTek Dimensity 1300 và cụm camera sắc nét 64 MP, hứa hẹn mang lại cho người dùng những trải nghiệm ổn định trong suốt quá trình sử dụng.','Vivo V25 Pro 5G vừa được ra mắt với một mức giá bán cực kỳ hấp dẫn, thế mạnh của máy thuộc về phần hiệu năng nhờ trang bị con chip MediaTek Dimensity 1300 và cụm camera sắc nét 64 MP, hứa hẹn mang lại cho người dùng những trải nghiệm ổn định trong suốt quá trình sử dụng. Diện mạo thời trang - nhìn ngắm cực sang Giữa vô vàn thiết bị sở hữu lối thiết kế vuông vức trên thị trường thì sự xuất hiện của V25 Pro làm mình cảm thấy rất thích thú bởi điện thoại được tạo hình bo cong ở các cạnh, mang lại cho thiết bị một nét đặc trưng riêng biệt. Tạo hình đặc trưng - Vivo V25 Pro 5G Phần bo cong này tiếp giáp khít hơn với lòng bàn tay, nó giúp mình cầm nắm tương đối dễ chịu, việc cấn tay được xem là điều mà mình chưa thấy xuất hiện trong quá trình trải nghiệm Vivo V25 Pro. Cầm nắm dễ dàng - Vivo V25 Pro 5G Khung máy được hoàn thiện từ kim loại giúp bảo vệ thiết bị tốt hơn, trên phần khung cũng được in nổi dòng chữ “Professional Photography”, thoạt nhìn thì mình liên tưởng đến chiếc Vivo X80 ra mắt cách đây không lâu. Đây được xem như dấu hiệu nhận biết trên V25 Pro để giúp mọi người có thể nhận ra máy là một camera phone chuyên nghiệp. Thiết kế quen thuộc - Vivo V25 Pro 5G Thu trọn vẻ đẹp phong cảnh Vivo đã trang bị cho V25 Pro bộ 3 camera trong đó cảm biến chính có độ phân giải 64 MP, camera góc siêu rộng 8 MP và cuối cùng là cảm biến siêu cận 2 MP. Có thể thấy thì hãng đã không chú trọng quá nhiều vào độ phân giải mà thay vào đó là tập trung thuật toán xử lý ảnh thông minh, điều này giúp những bức ảnh mình chụp được trở nên sinh động và chân thực hơn. Camera chất lượng - Vivo V25 Pro 5G Đối với bức ảnh chụp từ chế độ chụp tự động thì Vivo V25 Pro mang đến cho mình bức hình rất ổn áp, ảnh có độ sắc nét khá cao giúp cho việc xem những chi tiết nhỏ trên bức ảnh trở nên dễ dàng hơn. Ảnh chụp rõ nét - Vivo V25 Pro 5G Màu sắc trên những bức ảnh chụp góc siêu rộng vẫn giữ được độ rực rỡ như khi chụp ở camera chính, các vùng rìa, vùng mở rộng không bị bóp méo nhiều, khi nhìn vào thì bức ảnh vẫn giữ được độ chân thật so với khung cảnh thực tế. Ảnh chụp từ camera - Vivo V25 Pro 5G Ảnh chụp từ camera - Vivo V25 Pro 5G Vivo V25 Pro có khả năng nhận diện, lấy nét rất nhanh và tốc độ chụp cũng nhanh không kém, nhờ vậy mà mình đã có thể kịp thời bắt lại những khoảnh khắc đẹp trong một khoảng thời gian rất ngắn. Như bức ảnh mình có chụp dưới đây thì mình chỉ cần đưa máy lên là điện thoại gần như lấy được nét ngay lập tức, tính năng HDR cũng sẽ xử lý các vùng ngược sáng giúp mình không cần phải tinh chỉnh, nhờ vậy mà quá trình chụp được bức ảnh này chỉ diễn ra trong vòng 3 giây. Ảnh chụp từ camera - Vivo V25 Pro 5G Còn với những trường hợp chụp các vật thể đang di chuyển thì cũng hết sức dễ dàng. Như trên bức ảnh mà mình đã chụp với số lượng phương tiện di chuyển nhiều, tốc độ di chuyển khá nhanh nhưng mình vẫn có thể chụp được một cách rõ ràng mà không hề bị nhòe tí nào cả. Ảnh chụp từ camera - Vivo V25 Pro 5G Ở những điều kiện môi trường có nhiều vùng sáng - tối đan xen nhau thì điện thoại vẫn có khả năng xử lý tốt. Những vùng quá tối hay quá sáng đều được V25 Pro tinh chỉnh và cân bằng lại, điều này giúp cho mình có thể nhìn thấy được đầy đủ các chi tiết trên bức ảnh sau khi chụp. Ảnh chụp từ camera - Vivo V25 Pro 5G Ảnh chụp từ camera - Vivo V25 Pro 5G Ảnh chụp từ camera - Vivo V25 Pro 5G Đối với mình thì tính năng tự động bật HDR sẽ được người dùng ưa chuộng, bởi máy có khả năng nhận diện và phân tích nguồn sáng một cách thông minh, từ đó đưa ra những đề xuất phù hợp cho từng môi trường ánh sáng nên mình cảm thấy rất là tiện lợi. Ảnh chụp từ camera - Vivo V25 Pro 5G Ảnh chụp từ camera - Vivo V25 Pro 5G Ảnh chụp từ camera - Vivo V25 Pro 5G Cấu hình mạnh mẽ nhờ tích hợp chipset thế hệ mới V25 Pro sở hữu thế mạnh về hiệu năng so với những đối thủ khác trên thị trường khi được trang bị con chip Dimensity 1300, đây được xem là thế hệ chipset mới trong năm 2022. Xem thêm: Đánh giá chip Dimensity 1300: Con chip cao cấp nhất của MediaTek Hiệu năng mạnh mẽ - Vivo V25 Pro 5G Để kiểm tra hiệu năng thực sự của chip, mình đã dành ra hai tuần trải nghiệm V25 Pro và quả thực những gì mà hãng nói gần như không sai, mọi tác vụ mà mình dùng đều được máy xử lý hết sức mượt mà, từ xem phim đến chơi game hay chụp ảnh đều ổn cả. Sử dụng ổn định - Vivo V25 Pro 5G Phần xử lý đồ họa khi chơi game máy cũng có thể dễ dàng xử lý, đầu tiên là tựa game Liên Quân Mobile với mức cấu hình cao nhất, hình ảnh cho ra ở mức này là vô cùng đẹp mắt, các hiệu ứng từ kỹ năng đều được mô phỏng lại một cách sinh động. Chiến game mượt mà - Vivo V25 Pro 5G Theo như thông số đo từ phần mềm thì ở cấu hình này V25 Pro duy trì được sự ổn định xoay quanh mức 59.8 FPS, biểu đồ không có nhiều sự biến chuyển chứng minh máy không xuất hiện tình trạng tụt FPS sâu để gây nên hiện tượng giật lag.',0,1,'',1),
('SP46','Vivo V25 5G 8GB-128GB',10490000,9790000,99,'2023-07-08','46.webp','','',0,1,'',1),
('SP47','Vivo V25e 8GB - 128GB',8490000,7790000,99,'2023-07-08','47.webp','','',0,1,'',1),
('SP48','Vivo T1x 4GB-64GB',4490000,3790000,99,'2023-07-08','48.webp','','',0,1,'',1),
('SP49','Vivo Y02s 3GB-32GB',3490000,2790000,99,'2023-07-08','49.webp','','',0,1,'',1),
('SP50','Vivo Y02 2GB-32GB',2790000,2190000,99,'2023-07-08','50.webp','','',0,1,'',1),
('SP51','Vivo Y35 8GB-128GB',6990000,5690000,99,'2023-07-08','51.webp','','',0,1,'',1),
('SP52','MacBook Air 13 inch M1 2020 8CPU 7GPU 8GB/256GB',22990000,18390000,99,'2023-07-08','52.webp','Laptop Apple MacBook Air M1 2020 thuộc dòng laptop cao cấp sang trọng có cấu hình mạnh mẽ, chinh phục được các tính năng văn phòng lẫn đồ hoạ mà bạn mong muốn, thời lượng pin dài, thiết kế mỏng nhẹ sẽ đáp ứng tốt các nhu cầu làm việc của bạn.','Laptop Apple MacBook Air M1 2020 thuộc dòng laptop cao cấp sang trọng có cấu hình mạnh mẽ, chinh phục được các tính năng văn phòng lẫn đồ hoạ mà bạn mong muốn, thời lượng pin dài, thiết kế mỏng nhẹ sẽ đáp ứng tốt các nhu cầu làm việc của bạn. Chip Apple M1 tốc độ xử lý nhanh gấp 3.5 lần thế hệ trước Chiếc MacBook này được trang bị con chip Apple M1 được sản xuất độc quyền bởi Nhà Táo trên tiến trình 5 nm, 8 lõi bao gồm 4 lõi tiết kiệm điện và 4 lõi hiệu suất cao, mang đến một hiệu năng kinh ngạc, xử lý mọi tác vụ văn phòng một cách mượt mà như Word, Excel, Powerpoint,... thực hiện tốt các nhiệm vụ chỉnh sửa hình ảnh, kết xuất 2D trên các phần mềm Photoshop, AI,... máy còn hỗ trợ tiết kiệm được điện năng cao. Apple MacBook Air M1 2020 - Làm việc đa nhiệm Đi cùng CPU là card đồ họa tích hợp 7 nhân GPU có hiệu năng vượt trội sau nhiều bài thử nghiệm hiệu năng đồ họa của benchmark, bạn có thể sử dụng nhiều phần mềm đồ họa chuyên nghiệp, thoả sức sáng tạo nội dung, render video ổn định với chất lượng hình ảnh cao. Apple MacBook Air M1 2020 - Render video MacBook Air được trang bị RAM 8GB cho khả năng đa nhiệm cao, bạn có thể mở cùng lúc nhiều cửa sổ hoặc ứng dụng để phục vụ cho công việc, giải trí của mình ví dụ như vừa mở Chrome tra cứu thông tin vừa mở Word để làm việc cực kỳ tiện lợi mà không cần lo lắng là máy sẽ bị đơ. MacBook sở hữu ổ cứng SSD 256GB cho tốc độ xử lý nhanh chóng, thao tác cuộn trong Safari cực mượt, đánh thức máy đang trong chế độ ngủ chỉ mất vài giây và đem đến không gian lưu trữ rộng rãi bạn cứ thoải mái lưu lại những bộ phim hay mà không lo nó sẽ chiếm chỗ của các tệp tài liệu công việc. Apple MacBook Air M1 2020 - RAM Bên cạnh sử dụng con chip mới Apple còn ra mắt phiên bản hệ điều hành macOS Big Sur với giao diện hoàn hảo hơn, các chuyển động cuộn, phóng to và chuyển tiếp màn hình mượt mà. Ngoài đổi mới giao diện macOS Big Sur còn mang đến khả năng phản hồi nhanh chóng và kho ứng dụng khổng lồ. Xem thêm: Danh sách ứng dụng chạy được trên Macbook chip Apple M1. Thiết kế sang trọng, tinh tế MacBook Air M1 256GB 2020 không những thừa hưởng thiết kế mỏng nhẹ, hiện đại của các thế hệ trước mà còn học hỏi thêm phong cách hiện đại của các dòng Macbook Pro. Khối lượng máy chỉ vỏn vẹn 1.29 kg và mỏng của thân máy là 16.1 mm có tính cơ động cao, dễ đem theo xử lý công việc. Vỏ máy được thiết kế nguyên khối từ nguyên liệu nhôm tái chế 100% vừa góp phần bảo vệ môi trường vừa cho độ bền cao, chịu va đập tốt bảo vệ các linh kiện bên trong an toàn nếu có xảy ra va chạm mạnh. Apple MacBook Air M1 2020 - Thiết kế Magic Keyboard có hành trình phím 1 mm mang lại trải nghiệm gõ nhạy, thoải mái và yên tĩnh, bàn phím còn được trang bị thêm đèn nền vừa tạo cảm giác sang trọng vừa hỗ trợ bạn gõ phím chính xác hơn trong môi trường thiếu sáng. Laptop được trang bị 2 cổng kết nối Thunderbolt 3 với tốc độ truyền tải lên đến 40 Gb/s cho tốc độ truyền tải nhanh gấp 2 lần so với thế hệ Thunderbolt 2 trước đây. Bên cạnh Thunderbolt 3 máy còn được trang bị thêm kết nối không dây là Wi-Fi 6 cho tốc độ truyền tải dữ liệu nhanh chóng lên đến 10.000 Mbps cao hơn Wi-Fi 5 chỉ có 7.000 Mbps và Bluetooth v5.0 có tốc độ tối đa là 50 Mbps cho bạn trải nghiệm mượt mà hơn. Apple MacBook Air M1 2020 - Kết nối Apple trang bị cho chiếc Macbook M1 này bảo mật vân tay giúp bạn mở khóa nhanh chóng chỉ với một cái chạm nhẹ. Bên cạnh đó, vân tay của bạn sẽ được tích hợp vào việc xác nhận thông tin khi mua sắm online hay truy cập vào các tài liệu có bảo mật mà không cần phải nhập mật khẩu cực kỳ tiện lợi. Màu sắc chân thực, hình ảnh sắc nét Laptop màn hình Retina 13.3 inch cao cấp cho hình ảnh sắc nét màu sắc tự nhiên. Kết hợp cùng công nghệ True Tone giúp điều chỉnh cân bằng sắc trắng cũng như độ sáng để màu sắc hình ảnh hiển thị chính xác nhất. Ngoài ra, góc nhìn của máy cũng được mở rộng hơn nhờ có công nghệ IPS đem lại trải nghiệm nhìn đã mắt, dù bạn nhìn màn hình bằng góc nghiêng. Apple MacBook Air M1 2020 - Màn hình MacBook Air M1 được trang bị camera FaceTime HD giúp bạn gọi video cho người thân, bạn bè với chất lượng hiển thị cao. Tích hợp dãy 3 micro giúp truyền tải giọng nói của bạn chính xác hơn. Laptop Apple MacBook Air M1 2020 với hiệu năng mạnh mẽ đáp ứng tốt mọi công việc, thiết kế cực mỏng sẽ là sự lựa chọn tuyệt vời dành cho bạn.',0,1,'',2),
('SP53','MacBook Air 13 inch M2 2022 8CPU 8GPU 8GB/256GB',32990000,27590000,99,'2023-07-08','53.webp','Sau 14 năm, ba lần sửa đổi và hai kiến trúc bộ vi xử lý khác nhau, kiểu dáng mỏng dần mang tính biểu tượng của MacBook Air đã đi vào lịch sử. Thay vào đó là một chiếc MacBook Air M2 với thiết kế hoàn toàn mới, độ dày không thay đổi tương tự như MacBook Pro, đánh bật mọi rào cản với con chip Apple M2 đầy mạnh mẽ.','Sau 14 năm, ba lần sửa đổi và hai kiến trúc bộ vi xử lý khác nhau, kiểu dáng mỏng dần mang tính biểu tượng của MacBook Air đã đi vào lịch sử. Thay vào đó là một chiếc MacBook Air M2 với thiết kế hoàn toàn mới, độ dày không thay đổi tương tự như MacBook Pro, đánh bật mọi rào cản với con chip Apple M2 đầy mạnh mẽ. Lột xác ngoạn mục với thiết kế thời thượng, sang trọng Sự đẳng cấp đến từ ngoại hình của chiếc MacBook Air nhà Apple là điều không thể phủ nhận và khó có dòng sản phẩm cùng phân khúc nào có thể qua mặt được. Vẫn là lớp vỏ kim loại nguyên khối cứng cáp cùng các cạnh góc vuông vức, sang trọng nhưng chiếc MacBook Air 2022 năm nay đã thoát ra khỏi ngôn ngữ thiết kế nhẹ nhàng vốn có từ lâu và khoác lên diện mạo mới tương tự như “đàn anh” MacBook Pro. MacBook Air M2 - Thiết kế thời thượng Bề dày 11.3 mm cùng cân nặng ấn tượng 1.24 kg sẽ là một điểm cộng hoàn hảo cho khả năng di động, luôn sẵn sàng đồng hành cùng một người dùng là sinh viên, dân văn phòng như mình đến trường học, công ty hay cũng thoải mái cho người dùng sáng tạo và đặc biệt là những chuyến công tác xa của doanh nhân. MacBook Air M2 - Thiết kế sang trọng Mặc dù có ngoại hình mỏng và khối lượng nhẹ hơn song MacBook Air mới vẫn không kém phần chắc chắn, độ hoàn thiện tốt so với trước đây. Khung máy cứng, nắp máy gần như không uốn cong khi mình tác động lực và vẫn có thể mở lên bằng một ngón tay. Apple luôn đứng đầu khi nói đến chất lượng sản xuất và chiếc Air mới cũng không ngoại lệ. Cá nhân mình rất thích màu Midnight với lớp hoàn thiện màu xanh đen đậm có thể thay đổi tùy theo ánh sáng nhưng lại có điểm trừ khi dễ bám dấu vân tay, làm mất đi ngoại hình sang chảnh vốn có của một chiếc laptop cao cấp - sang trọng, bạn có thể chọn mua màu xám, bạc hoặc vàng sẽ không dễ bị bám dấu vân tay hoặc chịu khó lau chùi thường xuyên để giữ cho máy luôn sáng bóng. MacBook Air M2 - Midnight Một sự thay đổi rõ rệt trên chiếc bàn phím Magic Key của dòng laptop Apple M2 năm nay chính là kích thước của hàng phím chức năng F được gia tăng bằng với các dòng phím khác, cho mình thao tác sử dụng chuẩn xác, không bị nhầm lẫn. Hơn nữa trải nghiệm gõ phím cũng rất nhẹ nhàng, êm tay, tiếng ấn cũng nhẹ nhàng hơn so với bàn phím cánh bướm cũ. Kết hợp cùng đèn nền hỗ trợ mình làm việc dễ dàng hơn trong nhiều điều kiện ánh sáng tối khác nhau. MacBook Air M2 - Bàn phím Tính năng Touch ID (cảm biến vân tay) tích hợp nút nguồn thay cho mật khẩu cho phép mình mở khóa máy, truy cập các ứng dụng và thanh toán ứng dụng một cách nhanh chóng, không cần tốn nhiều thời gian hay phải nhớ mật khẩu như các kiểu bảo mật truyền thống. MacBook Air M2 - Touch ID Bàn di chuột không có khác nhiều so với các mẫu cũ mặc dù Apple đã làm rộng hơn một chút, hoạt động giống nhau về mặt chức năng với khả năng di vuốt tuyệt vời, hỗ trợ cử chỉ và từ chối lệnh khi mình lỡ đặt lòng bàn tay lên. Một trong những thay đổi thú vị khác trên chiếc Air mới chính là lưới loa đã được giấu đi, nằm ở bản lề giữa bàn phím và màn hình để giữ cho ngoại hình gọn gàng hơn. MacBook Air M2 - TouchPad MacBook Air M2 2022 sở hữu đầu sạc MagSafe tương tự như MacBook Pro 14 và 16, cho phép mình sạc mà không lo vấp phải dây cáp khiến máy tính rơi xuống sàn. Nhờ có cổng MagSafe mà mình thực sự có thêm một cổng USB-C so với các kiểu máy cũ. Thay vì phải sử dụng một cổng để sạc máy tính và cổng còn lại cho thiết bị ngoại vi, giờ đây mình có thể sử dụng cả hai cổng hỗ trợ Thunderbolt cho các phụ kiện. MacBook Air M2 - Cổng MagSafe Phá vỡ mọi giới hạn nhờ sức mạnh từ bộ vi xử lý Apple M2 Bộ vi xử lý Apple M2 tuy có mặt cấu tạo tương đồng với M1 nhưng hiệu suất hoạt động cao hơn 18% và nhanh hơn 1.9 lần so với các dòng laptop sở hữu bộ vi xử lý 10 lõi khác, dư sức cân mọi tác vụ từ học tập, làm việc đến đồ họa đến kỹ thuật chuyên sâu. Đồ họa GPU 8 nhân cho khả năng hoạt động mạnh mẽ hơn 35%, xử lý lên đến 15.8 nghìn tỷ tác vụ trong 1 giây nên các công việc liên quan đến hình ảnh, đồ họa, video,... đều được giải quyết rất mượt mà. MacBook Air M2 - Hiệu năng Máy đáp ứng hoàn hảo việc chỉnh sửa video và ảnh nhẹ, đặc biệt nếu bạn sử dụng ứng dụng Ảnh hoặc iMovie của Apple cho các tác vụ đó. Laptop RAM 8GB cho phép mình sử dụng cùng lúc nhiều cửa sổ ứng dụng khác nhau với độ đa nhiệm mượt mà đáng kể, vừa làm việc trên Photoshop vừa nghe nhạc vẫn rất trơn tru.',0,1,'',2),
('SP54','MacBook Pro 13 inch M2 2022 8CPU 10GPU 8GB/512GB',41990000,34490000,99,'2023-07-08','54.webp','Sở hữu thiết kế thanh lịch, sang trọng cùng hiệu năng vượt trội đến từ bộ vi xử lý Apple M2 tân tiến, Macbook Pro M2 hứa hẹn sẽ đáp ứng hoàn hảo cho người dùng sáng tạo, phục vụ tốt cho các nhu cầu thiết kế đồ họa nâng cao.','Sở hữu thiết kế thanh lịch, sang trọng cùng hiệu năng vượt trội đến từ bộ vi xử lý Apple M2 tân tiến, Macbook Pro M2 hứa hẹn sẽ đáp ứng hoàn hảo cho người dùng sáng tạo, phục vụ tốt cho các nhu cầu thiết kế đồ họa nâng cao. Hiệu năng vượt trội của chip M2 thế hệ mới MacBook Pro 13 inch là thiết bị đầu tiên được trang bị bộ vi xử lý M2 hoàn toàn mới của Apple. Mặc dù công ty cho biết M1 Pro và M1 Max vẫn sẽ có lợi thế hơn về hiệu suất nhờ có thêm lõi nhưng M2 thể hiện một bước tiến khá lớn so với M1. Macbook Pro M2 - Apple M2 M2 có CPU 8 nhân với 4 lõi tiết kiệm điện và 4 lõi hiệu năng, GPU 10 lõi, nhiều hơn 2 lõi so với GPU trong M1, có thể chạy mượt mà các tác vụ của một chiếc laptop đồ họa - kỹ thuật như thiết kế, chỉnh ảnh hay render video trên phần mềm của Adobe như: Photoshop, Premiere,... Đồng thời bộ vi xử lý cũng được tích hợp đến 20 triệu bóng bán dẫn và hỗ trợ bộ nhớ RAM lên tới 24 GB. Macbook Pro M2 - Xử lý đồ họa Từ những con số nói trên, Apple hứa hẹn M2 sẽ có hiệu suất tổng thể tăng 40% so với M1. Mình cũng đã thử đo hiệu năng bằng công cụ Cinebench R23 và Geekbench 5, M2 đạt được hiệu suất tốt hơn về cả CPU và GPU, mang lại sự cải thiện rõ rệt về khả năng đa nhiệm khi mình mở nhiều ứng dụng khác nhau. Macbook Pro M2 - Hiệu năng đo bằng Cinebench R23 Khả năng xử lý video của MacBook Pro M2 rất ấn tượng khi có thể dễ dàng xử lý nhiều luồng video 8K cùng một lúc. Máy có hiệu suất cao, đặc biệt là trong các tác vụ về đồ họa và sử dụng hàng ngày. Trong suốt thời gian sử dụng máy mình rất ấn tượng bởi sự mượt mà và độ mát mẻ, quạt hiếm khi hoạt động dù mình làm việc với nhiều tác vụ nặng trong thời gian dài. Macbook Pro M2 - Xử lý video Bộ nhớ RAM 8GB một lần nữa gây ấn tượng với mình khi có thể chạy nhiều ứng dụng cùng lúc mà không gặp bất kỳ vấn đề gì. Mình hoàn toàn có thể đa nhiệm với các tác vụ như lướt web, đọc báo, chỉnh sửa ảnh Photoshop mà không bị đứng máy hay phản hồi chậm. Trên lý thuyết M2 cũng có nhiều băng thông bộ nhớ hơn, đạt 100 GB/giây so với 68 GB/giây của M1, do đó sẽ tối ưu được trải nghiệm sử dụng. Ổ cứng SSD 256GB mang đến cho mình không gian lưu trữ đủ dùng cho các tác vụ văn phòng, thiết kế,... tuy nhiên do chỉ được trang bị một chip NAND nên tốc độ sẽ bị hạn chế hơn so với các dòng máy thuộc thế hệ M1. Macbook Pro M2 - Làm việc văn phòng Màn hình Retina sống động, lôi cuốn Macbook sở hữu màn hình 13.3 inch cùng độ phân giải Retina (2560 x 1600) sắc nét, cho màu sắc trung thực. Độ tương phản cao nhờ độ sáng 500 nits, công nghệ True tone tự động điều chỉnh mức độ sáng để luôn đảm bảo hiển thị rõ ràng dù mình sử dụng ở bất kì đâu. Macbook Pro M2 - Màn hình Không gian màu rộng Wide color (P3) mang đến màu sắc hiển thị chính xác đồng thời tối ưu khả năng làm việc cho người dùng thiết kế sáng tạo. Các công nghệ đó được kết hợp với nhau tạo nên một không gian giải trí để xem YouTube, Netflix,... sống động hơn bao giờ hết. Bộ vi xử lý M2 cho phép thế hệ MacBook mới vừa có hiệu suất cao vừa mang lại thời lượng pin ấn tượng. Trong trải nghiệm thực tế MacBook Pro M2 cho mình thời gian sử dụng lên đến 2 ngày đối với các tác vụ thường dùng, hoàn toàn đáp ứng tốt cho những chuyến công tác xa hay xách máy ra quán cà phê làm việc cả ngày dài. Macbook Pro M2 - Xem phim Apple cũng đã thực hiện một nâng cấp nhỏ trên củ sạc đi kèm của chiếc MacBook mới, công suất 67 W so với 61 W của thế hệ cũ, do đó pin sẽ được sạc nhanh hơn một chút. Mình hơi tiếc khi thế hệ M2 không có sạc MagSafe như chiếc Air mới, một sự hy sinh do MacBook Pro M2 giữ nguyên thiết kế cũ. Thiết kế quyến rũ, biểu tượng cho sự hoàn mỹ thu hút mọi ánh nhìn Ấn tượng trong thiết kế của Apple luôn là logo táo khuyết được đặt chính giữa mặt lưng, tạo nên sự nhận diện thương hiệu mà ai ai cũng phải ngước nhìn mỗi khi mình cầm trên tay hay làm việc ngoài quán cà phê. Khối lượng máy chỉ 1.4 kg và mỏng 15.6 mm đem đến sự cơ động, dễ dàng bỏ vào balo để mang theo bên mình. Macbook Pro M2 - Logo Apple Macbook Pro được chế tác từ lớp vỏ kim loại nguyên khối, độ hoàn thiện chắc chắn, màn hình không khuyết điểm và Touch ID cho phép mình đăng nhập vào macOS một cách nhanh chóng, dễ dàng bằng cách sử dụng dấu vân tay. Sự tinh tế và chất lượng hoàn thiện của Apple được thể hiện rõ ràng trên MacBook Pro M2, vẫn là một trong những máy tính mỏng nhất và nhẹ nhất ở thời điểm hiện tại. Macbook Pro M2 - Thiết kế Do giữ nguyên thiết kế cũ nên MacBook Pro M2 vẫn được trang bị thanh Touch Bar hỗ trợ mình điều chỉnh nhanh những chức năng của máy khác nhau. Cá nhân mình vẫn muốn loại bỏ luôn thanh Touch Bar vì không sử dụng nhiều và những ứng dụng của bên thứ ba cũng đã dần bỏ hỗ trợ. Macbook Pro M2 - Thanh Touch Bar Hai cổng Thunderbolt 3 được tích hợp sạc pin, truyền dữ liệu nhanh chóng với băng thông 40 Gbps và Jack tai nghe 3.5 mm, phù hợp với nhiều loại tai nghe phổ biến trên thị trường. Nếu chỉ có nhu cầu sử dụng thông thường thì hai cổng vẫn đủ để đáp ứng tốt nhu cầu.',0,1,'',2),
('SP55','MacBook Pro 14 inch M2 Pro 2023 10CPU 16GPU 16GB/512GB',52990000,47990000,99,'2023-07-08','55.webp','','',0,1,'',2),
('SP56','Laptop MSI Modern 15 B7M-098VN R7',16490000,13990000,99,'2023-07-08','56.webp','Laptop MSI Modern 15 B7M-098VN với độ mỏng, nhẹ cực ấn tượng sẽ dễ dàng cất túi để bạn có thể mang theo bên mình ở mọi lúc, mọi nơi. Đi kèm là một sức mạnh đáng kinh nhạc của laptop MSI Modern tới từ chipset RyzenTM 7030 giúp bạn luôn hoàn thành tốt được mọi công việc.','Laptop MSI Modern 15 B7M-098VN - Sức mạnh ấn tượng với AMD Ryzen 7 mới nhất Laptop MSI Modern 15 B7M-098VN với độ mỏng, nhẹ cực ấn tượng sẽ dễ dàng cất túi để bạn có thể mang theo bên mình ở mọi lúc, mọi nơi. Đi kèm là một sức mạnh đáng kinh nhạc của laptop MSI Modern tới từ chipset RyzenTM 7030 giúp bạn luôn hoàn thành tốt được mọi công việc. Làm việc với nhiều tab không lo giật lag Laptop MSI Modern 15 B7M-098VN được trang bị sẵn 8GB RAM DDR4 để bạn có thể thoải mái làm việc cùng lúc với nhiều tab mà không lo việc giật lag. Thậm chí bạn có thể mở rộng tối đa tới 16GB RAM DDR4 để việc làm việc đa nhiệm được diễn ra một cách thoải mái hơn. Laptop MSI Modern 15 B7M-098VN - Sức mạnh ấn tượng với AMD Ryzen 7 mới nhất MSI Modern 15 B7M-098VN còn sở hữu một ổ cứng SSD 512GB để mang tới một tốc độ đọc/ghi dữ liệu và khởi động máy cực nhanh. Thiết kế hiện đại, siêu mỏng nhẹ Quên đi những thiết kế thông thường, laptop MSI Modern 15 B7M-098VN sở hữu một nét hiện đại, tối giản, khác biệt hoàn toàn so với dòng sản phẩm laptop gaming của hãng. Lớp vỏ ngoài đen mịn màng được lấy cảm hứng từ bầu trời đêm đầy sao tạo nên nét quyến rũ, bí ẩn cho thiết bị. Laptop MSI Modern 15 B7M-098VN - Sức mạnh ấn tượng với AMD Ryzen 7 mới nhất MSI Modern 15 B7M-098VN còn sở hữu một trọng lượng ấn tượng, chỉ khoảng 1,75kg, dù đây là dòng laptop có kích thước màn hình 15,6 inch. Đi kèm là độ dày chỉ 19,9mm để laptop có được tính cơ động cao và đáp ứng được nhịp độ sống, làm việc ngày càng cao. Sức mạnh ấn tượng với chip AMD mới nhất Laptop MSI Modern 15 B7M-098VN sở hữu bộ vi xử lý mới nhất của AMD, RyzenTM 7030. Con chip này sẽ mang tới tốc độ xử lý mới, mạnh hơn 45% so với chip RyzenTM 5 7520U, để các tác vụ đa nhiệm, chỉnh sửa đa phương tiện hay chơi game thông thường được diễn ra nhanh chóng, ổn định hơn. Laptop MSI Modern 15 B7M-098VN - Sức mạnh ấn tượng với AMD Ryzen 7 mới nhất Chip RyzenTM 7030 sẽ còn được tích hợp thêm GPU on-board AMD Radeon Graphics để có thể nâng cao khả năng xử lý đồ hoạ, từ đó nâng cao hiệu suất công việc, chơi game giải trí.',0,1,'',2),
('SP57','Laptop MSI Gaming GF63 Thin',16490000,14990000,99,'2023-07-08','57.webp','Mang trong mình sức mạnh hiệu năng của bộ vi xử lý Intel Core i5 dòng H mạnh mẽ và card đồ họa rời NVIDIA GeForce GTX, laptop MSI Gaming GF63 Thin 11SC i5 (664VN) có khả năng chiến game nặng và thiết kế đồ họa một cách mượt mà.','Mang trong mình sức mạnh hiệu năng của bộ vi xử lý Intel Core i5 dòng H mạnh mẽ và card đồ họa rời NVIDIA GeForce GTX, laptop MSI Gaming GF63 Thin 11SC i5 (664VN) có khả năng chiến game nặng và thiết kế đồ họa một cách mượt mà. • Bộ vi xử lý Intel Core i5 11400H kết hợp cùng card đồ họa NVIDIA GeForce GTX 1650  4GBcho phép bạn chiến các tựa game đình đám như Liên Minh Huyền Thoại, CS:GO, PUBG,... ở mức cấu hình cao, đồng thời có khả năng xử lý đồ họa với hiệu suất cao. • RAM 8GB với khả năng nâng cấp lên đến tối đa 6 4GBcho khả năng xử lý đa nhiệm tốt, chạy nhiều ứng dụng cùng một lúc mà không gặp phải giật lag gây khó chịu. Ổ SSD 512GB NVMe PCIe có thể lưu trữ nhiều tệp tin lớn, cải thiện hiệu suất khi chơi game và xử lý đồ họa. • Màn hình 15.6 inch rộng rãi phù hợp để chơi game, làm việc văn phòng, tấm nền IPS hỗ trợ độ phân giải Full HD có khả năng tái tạo hình ảnh với góc nhìn rộng, có độ chi tiết cao, mang đến cho bạn trải nghiệm khung hình sắc nét và sống động hơn. • Màn hình 144 Hz của laptop MSI Gaming GF giúp giảm thiểu độ trễ hình ảnh và hạn chế tình trạng nhấp nháy gây khó chịu, tăng trải nghiệm chơi game và xem video, mọi thao tác trong ứng dụng đều sẽ trở nên trơn tru, mượt mà hơn bao giờ hết. • Công nghệ âm thanh Realtek High Definition Audio cho phép người dùng tùy chỉnh âm lượng, cân bằng âm để bạn có những giây phút giải trí tuyệt vời. • Laptop MSI sở hữu lớp vỏ ngoài được hoàn thiện từ chất liệu kim loại vừa đảm bảo độ bền bỉ vừa tạo cảm giác sang trọng, khối lượng 1.86 kg không quá nặng đối với một chiếc laptop gaming. • Đèn bàn phím màu đỏ hỗ trợ bạn điều khiển nhân vật trong game dễ dàng hơn về đêm. Laptop còn được trang bị nhiều cổng kết nối như: HDMI, USB 3.2, USB Type-C, LAN.',0,1,'',2),
('SP58','Laptop MSI Gaming Alpha 15',18490000,17990000,99,'2023-07-08','58.webp','Một siêu phẩm xứng đáng được các game thủ mong đợi chính là chiếc laptop MSI Gaming Alpha 15 B5EEK R7 (218VN) khi sở hữu nguồn sức mạnh bộc phá đến từ bộ vi xử lý AMD 5800H cùng card đồ họa rời RX 6600M 8 GB, luôn sẵn sàng cùng mình khuấy động mọi chiến trường ảo.','Một siêu phẩm xứng đáng được các game thủ mong đợi chính là chiếc laptop MSI Gaming Alpha 15 B5EEK R7 (218VN) khi sở hữu nguồn sức mạnh bộc phá đến từ bộ vi xử lý AMD 5800H cùng card đồ họa rời RX 6600M 8 GB, luôn sẵn sàng cùng mình khuấy động mọi chiến trường ảo. Chinh phục mọi chiến trường ảo Laptop MSI Gaming Alpha được trang bị bộ vi xử lý AMD Ryzen 7 5800H mạnh mẽ, mình đã thử đo hiệu năng bằng công cụ Cinebench R23 thì không chênh lệch nhiều so với dòng AMD Ryzen 7 6800H do có cùng cấu trúc 8 nhân và 16 luồng, so về mặt tổng thể chỉ hơn khoảng 6% đến 8%. MSI Gaming Alpha 15 B5EEK R7 (218VN) - Cinebench R23 Nhờ có công nghệ AMD Smart Shift cho phép CPU và GPU rời hoạt động cùng nhau để tăng hiệu suất và tiết kiệm điện năng nên khi mình chơi những tựa game sử dụng nhiều CPU như CS:GO hay VALORANT cho trải nghiệm mượt mà, FPS cao và ổn định. Hệ thống tản nhiệt của máy cũng hoạt động tốt khi mình cài đặt ở chế độ Performance, nhiệt độ luôn được tối ưu ở mức dưới 90 độ. MSI Gaming Alpha 15 B5EEK R7 (218VN) - CS:GO Card đồ họa rời AMD Radeon RX 6600M với bộ nhớ VRAM lên đến 8GB cho hiệu năng vượt trội, hỗ trợ mình xử lý các tác vụ về đồ họa nặng, mình cũng đã thử đo bằng công cụ 3D Mark thì được con số cao hơn khá nhiều so với card RTX 3050. Do đó chiếc MSI Gaming Alpha 15 này không chỉ để chơi game mà còn có thể sử dụng để thiết kế 3D, xử lý file hình ảnh nặng và render video với độ phân giải cao. MSI Gaming Alpha 15 B5EEK R7 (218VN) - 3D Mark Laptop MSI cho mình trải nghiệm ngoài sự mong đợi với bộ nhớ RAM 16GB chạy Dual Channel có tốc độ Bus RAM cao, cho phép mình vừa chơi game vừa nghe nhạc Remix hay làm việc cũng đều mượt mà. Hơn nữa máy còn có khả năng nâng cấp RAM lên đến 6 4GBhỗ trợ cho người dùng làm việc với các tác vụ nặng, tha hồ mở nhiều ứng dụng mà không lo bị giật lag, yên tâm sử dụng lâu dài. MSI Gaming Alpha 15 B5EEK R7 (218VN) - Làm việc với PTS Ổ cứng 512GB SSD NVMe PCIe mang đến cho mình một không gian lưu trữ đủ rộng để tải xuống những tựa game yêu thích và lưu những tài liệu học tập cần thiết, tốc độ truy xuất dữ liệu cao nên khi mở máy hay khởi động ứng dụng cũng đều nhanh chỉ trong vài giây. Trong những năm cuối đại học mình sẽ lắp thêm một ổ SSD M.2 PCIe 3.0 cho laptop để mở rộng thêm không gian lưu trữ cho các tài liệu quan trọng. MSI Gaming Alpha 15 B5EEK R7 (218VN) - Cấu hình Không gian hiển thị lớn, chuyển động hình ảnh mượt mà Không gian màn hình lớn 15.6 inch cho mình trải nghiệm chiến game cực đã, độ phân giải Full HD (1920 x 1080) đảm bảo luôn hiển thị hình ảnh với độ chi tiết cao, màu sắc cũng được tái tạo sống động, nịnh mắt khi chơi game hay xem những bộ phim hành động. Nhờ có tấm nền IPS và công nghệ chống chói Anti Glare giúp nâng cao góc nhìn, hạn chế tình trạng hắt sáng nên mình có thể tự tin xách máy ra những nơi có ánh sáng cao như quán cà phê để chiến game cùng bạn bè. MSI Gaming Alpha 15 B5EEK R7 (218VN) - Màn hình Màn hình tần số quét 144 Hz cho mình trải nghiệm mượt mà đặc biệt là những tựa game có tiết tấu nhanh thuộc thể thoại bắn súng sinh tồn, mọi thao tác chuyển động đều được tái hiện trơn tru mà không bị xé hình hay khựng lại gây khó chịu, khi xoay chuột chuyển khung hình với tốc độ cao cũng không hề bị lag. Mình cũng đã thử đo đạc màu sắc bằng công cụ Spyder 5 Pro được 90% không gian màu sRGB, đủ để đáp ứng được tốt nhu cầu làm việc, chơi game thông thường cũng như chỉnh sửa hình ảnh, video bán chuyên nghiệp. MSI Gaming Alpha 15 B5EEK R7 (218VN) - Màn hình rộng rãi Chất lượng âm thanh từ công nghệ Hi-Res Audio thì không có gì phải chê cả, mọi âm sắc đều được tái tạo to rõ, đi cùng hệ thống âm đa chiều Nahimic Audio cho mình cảm giác như đang ở trong chính không gian ảo đầy kịch tính, hiệu ứng 3D chân thực đến nỗi mình có thể xác định được bước chân, tiếng súng và hướng của kẻ thù. Hầm hố chuẩn phong thái gaming Sắc đen huyền bí cùng những đường cắt máy độc đáo trên chiếc nắp lưng được làm bằng kim loại mang đến cho chiếc máy một vẻ ngoài hầm hố chuẩn gaming, các phần còn lại của máy đều được hoàn thiện từ chất liệu nhựa cứng có cùng tông màu đen sang trọng. Khối lượng 2.35 kg đối với cá nhân mình vẫn có thể chấp nhận được trong dòng laptop gaming, đủ gọn để bỏ vào một ngăn của chiếc balo theo mình đi học, đi họp nhóm với bạn bè ở quán cà phê để chiến game thêm thích thú hơn. MSI Gaming Alpha 15 B5EEK R7 (218VN) - Thiết kế Bàn phím theo trải nghiệm của mình được MSI làm rất tốt với hành trình phím sâu, cảm giác nhấn tốt, phản hồi nhanh nhạy khi nhấn rất thoải mái, không hề bị khó chịu khi làm việc trong thời gian dài. Đặc biệt bàn phím còn có đèn nền chuyển màu RGB mà mình có thể tinh chỉnh màu sắc tùy thích trong phần mềm MSI Center, mang đến cho mình cảm hứng chiến đấu cũng như hỗ trợ mình hoạt động về đêm thêm dễ dàng hơn. MSI Gaming Alpha 15 B5EEK R7 (218VN) - Bàn phím Bàn di chuột cũng được hoàn thiện tốt, tuy kích thước hơi nhỏ nhưng lại cho mình cảm giác di vuốt mượt mà.',0,1,'',2),
('SP59','Laptop MSI Gaming Katana 15',32990000,30590000,99,'2023-07-08','59.webp','','',0,1,'',2),
('SP60','Chuột Gaming Asus CERBERUS',499000,NULL,99,'2023-07-06','60.webp','','',0,1,'',3),
('SP61','Chuột không dây Targus W600',319000,199000,99,'2023-07-06','61.webp','','',0,1,'',3),
('SP62','Chuột không dây Logitech M221',319000,NULL,99,'2023-07-06','62.webp','','',0,1,'',3),
('SP63','Chuột không dây quang Microsoft 1850',375000,NULL,99,'2023-07-06','63.webp','','',0,1,'',3),
('SP64','Bàn phím Gập Không Dây Mipow Miffy Mini Slim-Fold MPC-003',1590000,NULL,99,'2023-07-06','64.webp','','',0,1,'',3),
('SP65','Bàn phím Bluetooth Logitech K380',790000,NULL,99,'2023-07-06','65.webp','','',0,1,'',3),
('SP66','Bàn phím Prolink PKCM-2007',200000,NULL,99,'2023-07-06','66.webp','','',0,1,'',3),
('SP67','Bàn phím giả cơ có dây Zadez G-852K',600000,NULL,99,'2023-07-06','67.webp','','',0,1,'',3),
('SP68','Ốp lưng chống sốc IPhone 14 Pro Max YVS Silicone',199000,NULL,99,'2023-07-06','68.webp','','',0,1,'',3),
('SP69','Ốp lưng IPhone 14 Pro Max Silicon chống sốc Mipow',399000,NULL,99,'2023-07-06','69.webp','','',0,1,'',3),
('SP70','Ốp lưng Magsafe chống sốc IPhone 14 Pro Max Mipow',540000,NULL,99,'2023-07-06','70.webp','','',0,1,'',3),
('SP71','Ốp lưng Magsafe chống sốc IPhone 14 Pro Max YVS',699000,NULL,99,'2023-07-06','71.webp','','',0,1,'',3);


INSERT INTO `anh_chi_tiet` VALUES
('27.1.webp','SP27'),
('27.2.webp','SP27'),
('27.3.webp','SP27'),
('28.1.webp','SP28'),
('28.2.webp','SP28'),
('28.3.webp','SP28'),
('29.1.webp','SP29'),
('29.2.webp','SP29'),
('29.3.webp','SP29'),
('30.1.webp','SP30'),
('30.2.webp','SP30'),
('30.3.webp','SP30');

INSERT INTO `don_vi_van_chuyen` VALUES
(1,'GHN'),
(2,'J&T');

INSERT INTO `don_hang` VALUES
('DH10001','2023-08-01',3,90540000,0,1,1),
('DH10002','2023-08-02',3,73100000,0,1,2);

INSERT INTO `chi_tiet_hoa_don` VALUES
(1,19180000,1,19180000,'DH10001','SP27'),
(2,21680000,1,21680000,'DH10001','SP28'),
(3,24840000,2,49680000,'DH10001','SP29'),
(4,21680000,1,21680000,'DH10002','SP28'),
(5,24840000,1,24840000,'DH10002','SP29'),
(6,26580000,1,26580000,'DH10002','SP30');

INSERT INTO `binh_luan` VALUES
(1,'2023-08-03','Sản phẩm này rất đẹp, rất đáng mua.',1,'SP01'),
(2,'2023-08-03','Tiền nào của nấy, dùng rất thích tay.',2,'SP01'),
(3,'2023-08-03','Sản phẩm này rất đẹp, rất đáng mua.',3,'SP02');